Workbook

Sheet CBIC_Late_Fee_Relief_Windows_1
A1: Relief Window ID | B1: Notification No | C1: Relief Type | D1: Tax Period From | E1: Tax Period To | F1: Filing Date From | G1: Filing Date To | H1: Return Type | I1: Max Late Fee Allowed | J1: Window Priority | K1: Legal Notes
A2: AMN18_JUL17_SEP18 | B2: 76/2018-CT | C2: Amnesty | D2: Jul-2017 | E2: Sep-2018 | F2: 22-12-2018 | G2: 31-03-2019 | H2: ALL | I2: 0 | J2: 1 | K2: Full waiver only if filed in window
A3: C19_Mar-2020_NIL | B3: 41/2020-CT | C3: COVID-19 | D3: Mar-2020 | E3: Mar-2020 | F3: 01-03-2020 | G3: 30-09-2020 | H3: NIL | I3: 0 | J3: 2 | K3: COVID NIL waiver
A4: C19_Mar-2020_NONNIL | B4: 41/2020-CT | C4: COVID-19 | D4: Mar-2020 | E4: Mar-2020 | F4: 01-03-2020 | G4: 30-09-2020 | H4: NON-NIL | I4: 1000 | J4: 2 | K4: COVID NON-NIL cap
A5: C19_Apr-2020_NIL | B5: 41/2020-CT | C5: COVID-19 | D5: Apr-2020 | E5: Apr-2020 | F5: 01-03-2020 | G5: 30-09-2020 | H5: NIL | I5: 0 | J5: 2 | K5: COVID NIL waiver
A6: C19_Apr-2020_NONNIL | B6: 41/2020-CT | C6: COVID-19 | D6: Apr-2020 | E6: Apr-2020 | F6: 01-03-2020 | G6: 30-09-2020 | H6: NON-NIL | I6: 1000 | J6: 2 | K6: COVID NON-NIL cap
A7: C19_May-2020_NIL | B7: 41/2020-CT | C7: COVID-19 | D7: May-2020 | E7: May-2020 | F7: 01-03-2020 | G7: 30-09-2020 | H7: NIL | I7: 0 | J7: 2 | K7: COVID NIL waiver
A8: C19_May-2020_NONNIL | B8: 41/2020-CT | C8: COVID-19 | D8: May-2020 | E8: May-2020 | F8: 01-03-2020 | G8: 30-09-2020 | H8: NON-NIL | I8: 1000 | J8: 2 | K8: COVID NON-NIL cap
A9: C19_Jun-2020_NIL | B9: 41/2020-CT | C9: COVID-19 | D9: Jun-2020 | E9: Jun-2020 | F9: 01-03-2020 | G9: 30-09-2020 | H9: NIL | I9: 0 | J9: 2 | K9: COVID NIL waiver
A10: C19_Jun-2020_NONNIL | B10: 41/2020-CT | C10: COVID-19 | D10: Jun-2020 | E10: Jun-2020 | F10: 01-03-2020 | G10: 30-09-2020 | H10: NON-NIL | I10: 1000 | J10: 2 | K10: COVID NON-NIL cap
A11: C19_Jul-2020_NIL | B11: 41/2020-CT | C11: COVID-19 | D11: Jul-2020 | E11: Jul-2020 | F11: 01-03-2020 | G11: 30-09-2020 | H11: NIL | I11: 0 | J11: 2 | K11: COVID NIL waiver
A12: C19_Jul-2020_NONNIL | B12: 41/2020-CT | C12: COVID-19 | D12: Jul-2020 | E12: Jul-2020 | F12: 01-03-2020 | G12: 30-09-2020 | H12: NON-NIL | I12: 1000 | J12: 2 | K12: COVID NON-NIL cap
A13: NIL_STRUCT | B13: Section 47 | C13: Structural | D13: Jul-2017 | E13: Dec-2099 | F13: 01-07-2017 | G13: 31-12-2099 | H13: NIL | I13: 500 | J13: 5 | K13: Structural NIL cap
A14: STAT_FALLBACK | B14: Section 47 | C14: Statutory | D14: Jul-2017 | E14: Dec-2099 | F14: 01-07-2017 | G14: 31-12-2099 | H14: ALL | I14: 10000 | J14: 6 | K14: Statutory fallback

Sheet CALCULATOR
A1: GSTIN | B1: Tax Period | C1: Filing Date | D1: Return Type | E1: Delay Days | F1: Normal Late Fee | G1: Allowed Max Late Fee | H1: Final Late Fee | I1: Relief Applied (Notification)
A2: =TEST_DATA!A2 -> 27AAAAA0002Z5 | B2: =TEST_DATA!B2 -> May-2020 | C2: =TEST_DATA!C2 -> 44059 | D2: =TEST_DATA!D2 -> NIL | E2: =TEST_DATA!E2 -> 1126 | F2: =MIN(E2*200,10000) -> 10000 | G2: =_xludf.MINIFS(CBIC_Late_Fee_Relief_Windows_1!$I$2:$I$100,CBIC_Late_Fee_Relief_Windows_1!$D$2:$D$100,"<="&B2,CBIC_Late_Fee_Relief_Windows_1!$E$2:$E$100,">="&B2,CBIC_Late_Fee_Relief_Windows_1!$F$2:$F$100,"<="&C2,CBIC_Late_Fee_Relief_Windows_1!$G$2:$G$100,">="&C2,CBIC_Late_Fee_Relief_Windows_1!$H$2:$H$100,D2) -> #NAME? | H2: =MIN(F2,G2) -> #NAME? | I2: =INDEX(CBIC_Late_Fee_Relief_Windows_1!$B$2:$B$100,MATCH(G2,CBIC_Late_Fee_Relief_Windows_1!$I$2:$I$100,0)) -> #NAME?
A3: =TEST_DATA!A3 -> 27AAAAA0003Z5 | B3: =TEST_DATA!B3 -> Feb-2018 | C3: =TEST_DATA!C3 -> 43374 | D3: =TEST_DATA!D3 -> NIL | E3: =TEST_DATA!E3 -> 419 | F3: =MIN(E3*300,10000) -> 10000 | G3: =_xludf.MINIFS(CBIC_Late_Fee_Relief_Windows_1!$I$3:$I$100,CBIC_Late_Fee_Relief_Windows_1!$D$3:$D$100,"<="&B3,CBIC_Late_Fee_Relief_Windows_1!$E$3:$E$100,">="&B3,CBIC_Late_Fee_Relief_Windows_1!$F$3:$F$100,"<="&C3,CBIC_Late_Fee_Relief_Windows_1!$G$3:$G$100,">="&C3,CBIC_Late_Fee_Relief_Windows_1!$H$3:$H$100,D3) -> #NAME? | H3: =MIN(F3,G3) -> #NAME? | I3: =INDEX(CBIC_Late_Fee_Relief_Windows_1!$B$3:$B$100,MATCH(G3,CBIC_Late_Fee_Relief_Windows_1!$I$3:$I$100,0)) -> #NAME?
A4: =TEST_DATA!A4 -> 27AAAAA0004Z5 | B4: =TEST_DATA!B4 -> Jun-2020 | C4: =TEST_DATA!C4 -> 44009 | D4: =TEST_DATA!D4 -> NON-NIL | E4: =TEST_DATA!E4 -> 130 | F4: =MIN(E4*400,10000) -> 10000 | G4: =_xludf.MINIFS(CBIC_Late_Fee_Relief_Windows_1!$I$4:$I$100,CBIC_Late_Fee_Relief_Windows_1!$D$4:$D$100,"<="&B4,CBIC_Late_Fee_Relief_Windows_1!$E$4:$E$100,">="&B4,CBIC_Late_Fee_Relief_Windows_1!$F$4:$F$100,"<="&C4,CBIC_Late_Fee_Relief_Windows_1!$G$4:$G$100,">="&C4,CBIC_Late_Fee_Relief_Windows_1!$H$4:$H$100,D4) -> #NAME? | H4: =MIN(F4,G4) -> #NAME? | I4: =INDEX(CBIC_Late_Fee_Relief_Windows_1!$B$4:$B$100,MATCH(G4,CBIC_Late_Fee_Relief_Windows_1!$I$4:$I$100,0)) -> #NAME?
A5: =TEST_DATA!A5 -> 27AAAAA0005Z5 | B5: =TEST_DATA!B5 -> Jul-2017 | C5: =TEST_DATA!C5 -> 43108 | D5: =TEST_DATA!D5 -> NIL | E5: =TEST_DATA!E5 -> 952 | F5: =MIN(E5*500,10000) -> 10000 | G5: =_xludf.MINIFS(CBIC_Late_Fee_Relief_Windows_1!$I$5:$I$100,CBIC_Late_Fee_Relief_Windows_1!$D$5:$D$100,"<="&B5,CBIC_Late_Fee_Relief_Windows_1!$E$5:$E$100,">="&B5,CBIC_Late_Fee_Relief_Windows_1!$F$5:$F$100,"<="&C5,CBIC_Late_Fee_Relief_Windows_1!$G$5:$G$100,">="&C5,CBIC_Late_Fee_Relief_Windows_1!$H$5:$H$100,D5) -> #NAME? | H5: =MIN(F5,G5) -> #NAME? | I5: =INDEX(CBIC_Late_Fee_Relief_Windows_1!$B$5:$B$100,MATCH(G5,CBIC_Late_Fee_Relief_Windows_1!$I$5:$I$100,0)) -> #NAME?
A6: =TEST_DATA!A6 -> 27AAAAA0006Z5 | B6: =TEST_DATA!B6 -> Jun-2019 | C6: =TEST_DATA!C6 -> 43574 | D6: =TEST_DATA!D6 -> NIL | E6: =TEST_DATA!E6 -> 2932 | F6: =MIN(E6*600,10000) -> 10000 | G6: =_xludf.MINIFS(CBIC_Late_Fee_Relief_Windows_1!$I$6:$I$100,CBIC_Late_Fee_Relief_Windows_1!$D$6:$D$100,"<="&B6,CBIC_Late_Fee_Relief_Windows_1!$E$6:$E$100,">="&B6,CBIC_Late_Fee_Relief_Windows_1!$F$6:$F$100,"<="&C6,CBIC_Late_Fee_Relief_Windows_1!$G$6:$G$100,">="&C6,CBIC_Late_Fee_Relief_Windows_1!$H$6:$H$100,D6) -> #NAME? | H6: =MIN(F6,G6) -> #NAME? | I6: =INDEX(CBIC_Late_Fee_Relief_Windows_1!$B$6:$B$100,MATCH(G6,CBIC_Late_Fee_Relief_Windows_1!$I$6:$I$100,0)) -> #NAME?
A7: =TEST_DATA!A7 -> 27AAAAA0007Z5 | B7: =TEST_DATA!B7 -> May-2020 | C7: =TEST_DATA!C7 -> 44690 | D7: =TEST_DATA!D7 -> NIL | E7: =TEST_DATA!E7 -> 1839 | F7: =MIN(E7*700,10000) -> 10000 | G7: =_xludf.MINIFS(CBIC_Late_Fee_Relief_Windows_1!$I$7:$I$100,CBIC_Late_Fee_Relief_Windows_1!$D$7:$D$100,"<="&B7,CBIC_Late_Fee_Relief_Windows_1!$E$7:$E$100,">="&B7,CBIC_Late_Fee_Relief_Windows_1!$F$7:$F$100,"<="&C7,CBIC_Late_Fee_Relief_Windows_1!$G$7:$G$100,">="&C7,CBIC_Late_Fee_Relief_Windows_1!$H$7:$H$100,D7) -> #NAME? | H7: =MIN(F7,G7) -> #NAME? | I7: =INDEX(CBIC_Late_Fee_Relief_Windows_1!$B$7:$B$100,MATCH(G7,CBIC_Late_Fee_Relief_Windows_1!$I$7:$I$100,0)) -> #NAME?
A8: =TEST_DATA!A8 -> 27AAAAA0008Z5 | B8: =TEST_DATA!B8 -> Mar-2020 | C8: =TEST_DATA!C8 -> 44400 | D8: =TEST_DATA!D8 -> NIL | E8: =TEST_DATA!E8 -> 653 | F8: =MIN(E8*800,10000) -> 10000 | G8: =_xludf.MINIFS(CBIC_Late_Fee_Relief_Windows_1!$I$8:$I$100,CBIC_Late_Fee_Relief_Windows_1!$D$8:$D$100,"<="&B8,CBIC_Late_Fee_Relief_Windows_1!$E$8:$E$100,">="&B8,CBIC_Late_Fee_Relief_Windows_1!$F$8:$F$100,"<="&C8,CBIC_Late_Fee_Relief_Windows_1!$G$8:$G$100,">="&C8,CBIC_Late_Fee_Relief_Windows_1!$H$8:$H$100,D8) -> #NAME? | H8: =MIN(F8,G8) -> #NAME? | I8: =INDEX(CBIC_Late_Fee_Relief_Windows_1!$B$8:$B$100,MATCH(G8,CBIC_Late_Fee_Relief_Windows_1!$I$8:$I$100,0)) -> #NAME?
A9: =TEST_DATA!A9 -> 27AAAAA0009Z5 | B9: =TEST_DATA!B9 -> Jul-2020 | C9: =TEST_DATA!C9 -> 44696 | D9: =TEST_DATA!D9 -> NON-NIL | E9: =TEST_DATA!E9 -> 1138 | F9: =MIN(E9*900,10000) -> 10000 | G9: =_xludf.MINIFS(CBIC_Late_Fee_Relief_Windows_1!$I$9:$I$100,CBIC_Late_Fee_Relief_Windows_1!$D$9:$D$100,"<="&B9,CBIC_Late_Fee_Relief_Windows_1!$E$9:$E$100,">="&B9,CBIC_Late_Fee_Relief_Windows_1!$F$9:$F$100,"<="&C9,CBIC_Late_Fee_Relief_Windows_1!$G$9:$G$100,">="&C9,CBIC_Late_Fee_Relief_Windows_1!$H$9:$H$100,D9) -> #NAME? | H9: =MIN(F9,G9) -> #NAME? | I9: =INDEX(CBIC_Late_Fee_Relief_Windows_1!$B$9:$B$100,MATCH(G9,CBIC_Late_Fee_Relief_Windows_1!$I$9:$I$100,0)) -> #NAME?
A10: =TEST_DATA!A10 -> 27AAAAA0010Z5 | B10: =TEST_DATA!B10 -> Nov-2017 | C10: =TEST_DATA!C10 -> 43357 | D10: =TEST_DATA!D10 -> NON-NIL | E10: =TEST_DATA!E10 -> 418 | F10: =MIN(E10*1000,10000) -> 10000 | G10: =_xludf.MINIFS(CBIC_Late_Fee_Relief_Windows_1!$I$10:$I$100,CBIC_Late_Fee_Relief_Windows_1!$D$10:$D$100,"<="&B10,CBIC_Late_Fee_Relief_Windows_1!$E$10:$E$100,">="&B10,CBIC_Late_Fee_Relief_Windows_1!$F$10:$F$100,"<="&C10,CBIC_Late_Fee_Relief_Windows_1!$G$10:$G$100,">="&C10,CBIC_Late_Fee_Relief_Windows_1!$H$10:$H$100,D10) -> #NAME? | H10: =MIN(F10,G10) -> #NAME? | I10: =INDEX(CBIC_Late_Fee_Relief_Windows_1!$B$10:$B$100,MATCH(G10,CBIC_Late_Fee_Relief_Windows_1!$I$10:$I$100,0)) -> #NAME?
A11: =TEST_DATA!A11 -> 27AAAAA0011Z5 | B11: =TEST_DATA!B11 -> Sep-2017 | C11: =TEST_DATA!C11 -> 43695 | D11: =TEST_DATA!D11 -> NIL | E11: =TEST_DATA!E11 -> 1470 | F11: =MIN(E11*1100,10000) -> 10000 | G11: =_xludf.MINIFS(CBIC_Late_Fee_Relief_Windows_1!$I$11:$I$100,CBIC_Late_Fee_Relief_Windows_1!$D$11:$D$100,"<="&B11,CBIC_Late_Fee_Relief_Windows_1!$E$11:$E$100,">="&B11,CBIC_Late_Fee_Relief_Windows_1!$F$11:$F$100,"<="&C11,CBIC_Late_Fee_Relief_Windows_1!$G$11:$G$100,">="&C11,CBIC_Late_Fee_Relief_Windows_1!$H$11:$H$100,D11) -> #NAME? | H11: =MIN(F11,G11) -> #NAME? | I11: =INDEX(CBIC_Late_Fee_Relief_Windows_1!$B$11:$B$100,MATCH(G11,CBIC_Late_Fee_Relief_Windows_1!$I$11:$I$100,0)) -> #NAME?
A12: =TEST_DATA!A12 -> 27AAAAA0012Z5 | B12: =TEST_DATA!B12 -> Mar-2023 | C12: =TEST_DATA!C12 -> 44874 | D12: =TEST_DATA!D12 -> NON-NIL | E12: =TEST_DATA!E12 -> 177 | F12: =MIN(E12*1200,10000) -> 10000 | G12: =_xludf.MINIFS(CBIC_Late_Fee_Relief_Windows_1!$I$12:$I$100,CBIC_Late_Fee_Relief_Windows_1!$D$12:$D$100,"<="&B12,CBIC_Late_Fee_Relief_Windows_1!$E$12:$E$100,">="&B12,CBIC_Late_Fee_Relief_Windows_1!$F$12:$F$100,"<="&C12,CBIC_Late_Fee_Relief_Windows_1!$G$12:$G$100,">="&C12,CBIC_Late_Fee_Relief_Windows_1!$H$12:$H$100,D12) -> #NAME? | H12: =MIN(F12,G12) -> #NAME? | I12: =INDEX(CBIC_Late_Fee_Relief_Windows_1!$B$12:$B$100,MATCH(G12,CBIC_Late_Fee_Relief_Windows_1!$I$12:$I$100,0)) -> #NAME?
A13: =TEST_DATA!A13 -> 27AAAAA0013Z5 | B13: =TEST_DATA!B13 -> Jan-2021 | C13: =TEST_DATA!C13 -> 45347 | D13: =TEST_DATA!D13 -> NIL | E13: =TEST_DATA!E13 -> 1550 | F13: =MIN(E13*1300,10000) -> 10000 | G13: =_xludf.MINIFS(CBIC_Late_Fee_Relief_Windows_1!$I$13:$I$100,CBIC_Late_Fee_Relief_Windows_1!$D$13:$D$100,"<="&B13,CBIC_Late_Fee_Relief_Windows_1!$E$13:$E$100,">="&B13,CBIC_Late_Fee_Relief_Windows_1!$F$13:$F$100,"<="&C13,CBIC_Late_Fee_Relief_Windows_1!$G$13:$G$100,">="&C13,CBIC_Late_Fee_Relief_Windows_1!$H$13:$H$100,D13) -> #NAME? | H13: =MIN(F13,G13) -> #NAME? | I13: =INDEX(CBIC_Late_Fee_Relief_Windows_1!$B$13:$B$100,MATCH(G13,CBIC_Late_Fee_Relief_Windows_1!$I$13:$I$100,0)) -> #NAME?
A14: =TEST_DATA!A14 -> 27AAAAA0014Z5 | B14: =TEST_DATA!B14 -> Sep-2017 | C14: =TEST_DATA!C14 -> 44047 | D14: =TEST_DATA!D14 -> NON-NIL | E14: =TEST_DATA!E14 -> 2574 | F14: =MIN(E14*1400,10000) -> 10000 | G14: =_xludf.MINIFS(CBIC_Late_Fee_Relief_Windows_1!$I$14:$I$100,CBIC_Late_Fee_Relief_Windows_1!$D$14:$D$100,"<="&B14,CBIC_Late_Fee_Relief_Windows_1!$E$14:$E$100,">="&B14,CBIC_Late_Fee_Relief_Windows_1!$F$14:$F$100,"<="&C14,CBIC_Late_Fee_Relief_Windows_1!$G$14:$G$100,">="&C14,CBIC_Late_Fee_Relief_Windows_1!$H$14:$H$100,D14) -> #NAME? | H14: =MIN(F14,G14) -> #NAME? | I14: =INDEX(CBIC_Late_Fee_Relief_Windows_1!$B$14:$B$100,MATCH(G14,CBIC_Late_Fee_Relief_Windows_1!$I$14:$I$100,0)) -> #NAME?
A15: =TEST_DATA!A15 -> 27AAAAA0015Z5 | B15: =TEST_DATA!B15 -> Apr-2020 | C15: =TEST_DATA!C15 -> 44571 | D15: =TEST_DATA!D15 -> NIL | E15: =TEST_DATA!E15 -> 2885 | F15: =MIN(E15*1500,10000) -> 10000 | G15: =_xludf.MINIFS(CBIC_Late_Fee_Relief_Windows_1!$I$15:$I$100,CBIC_Late_Fee_Relief_Windows_1!$D$15:$D$100,"<="&B15,CBIC_Late_Fee_Relief_Windows_1!$E$15:$E$100,">="&B15,CBIC_Late_Fee_Relief_Windows_1!$F$15:$F$100,"<="&C15,CBIC_Late_Fee_Relief_Windows_1!$G$15:$G$100,">="&C15,CBIC_Late_Fee_Relief_Windows_1!$H$15:$H$100,D15) -> #NAME? | H15: =MIN(F15,G15) -> #NAME? | I15: =INDEX(CBIC_Late_Fee_Relief_Windows_1!$B$15:$B$100,MATCH(G15,CBIC_Late_Fee_Relief_Windows_1!$I$15:$I$100,0)) -> #NAME?
A16: =TEST_DATA!A16 -> 27AAAAA0016Z5 | B16: =TEST_DATA!B16 -> Sep-2017 | C16: =TEST_DATA!C16 -> 43010 | D16: =TEST_DATA!D16 -> NIL | E16: =TEST_DATA!E16 -> 1185 | F16: =MIN(E16*1600,10000) -> 10000 | G16: =_xludf.MINIFS(CBIC_Late_Fee_Relief_Windows_1!$I$16:$I$100,CBIC_Late_Fee_Relief_Windows_1!$D$16:$D$100,"<="&B16,CBIC_Late_Fee_Relief_Windows_1!$E$16:$E$100,">="&B16,CBIC_Late_Fee_Relief_Windows_1!$F$16:$F$100,"<="&C16,CBIC_Late_Fee_Relief_Windows_1!$G$16:$G$100,">="&C16,CBIC_Late_Fee_Relief_Windows_1!$H$16:$H$100,D16) -> #NAME? | H16: =MIN(F16,G16) -> #NAME? | I16: =INDEX(CBIC_Late_Fee_Relief_Windows_1!$B$16:$B$100,MATCH(G16,CBIC_Late_Fee_Relief_Windows_1!$I$16:$I$100,0)) -> #NAME?
A17: =TEST_DATA!A17 -> 27AAAAA0017Z5 | B17: =TEST_DATA!B17 -> Sep-2017 | C17: =TEST_DATA!C17 -> 43393 | D17: =TEST_DATA!D17 -> NIL | E17: =TEST_DATA!E17 -> 1556 | F17: =MIN(E17*1700,10000) -> 10000 | G17: =_xludf.MINIFS(CBIC_Late_Fee_Relief_Windows_1!$I$17:$I$100,CBIC_Late_Fee_Relief_Windows_1!$D$17:$D$100,"<="&B17,CBIC_Late_Fee_Relief_Windows_1!$E$17:$E$100,">="&B17,CBIC_Late_Fee_Relief_Windows_1!$F$17:$F$100,"<="&C17,CBIC_Late_Fee_Relief_Windows_1!$G$17:$G$100,">="&C17,CBIC_Late_Fee_Relief_Windows_1!$H$17:$H$100,D17) -> #NAME? | H17: =MIN(F17,G17) -> #NAME? | I17: =INDEX(CBIC_Late_Fee_Relief_Windows_1!$B$17:$B$100,MATCH(G17,CBIC_Late_Fee_Relief_Windows_1!$I$17:$I$100,0)) -> #NAME?
A18: =TEST_DATA!A18 -> 27AAAAA0018Z5 | B18: =TEST_DATA!B18 -> Mar-2018 | C18: =TEST_DATA!C18 -> 43845 | D18: =TEST_DATA!D18 -> NON-NIL | E18: =TEST_DATA!E18 -> 666 | F18: =MIN(E18*1800,10000) -> 10000 | G18: =_xludf.MINIFS(CBIC_Late_Fee_Relief_Windows_1!$I$18:$I$100,CBIC_Late_Fee_Relief_Windows_1!$D$18:$D$100,"<="&B18,CBIC_Late_Fee_Relief_Windows_1!$E$18:$E$100,">="&B18,CBIC_Late_Fee_Relief_Windows_1!$F$18:$F$100,"<="&C18,CBIC_Late_Fee_Relief_Windows_1!$G$18:$G$100,">="&C18,CBIC_Late_Fee_Relief_Windows_1!$H$18:$H$100,D18) -> #NAME? | H18: =MIN(F18,G18) -> #NAME? | I18: =INDEX(CBIC_Late_Fee_Relief_Windows_1!$B$18:$B$100,MATCH(G18,CBIC_Late_Fee_Relief_Windows_1!$I$18:$I$100,0)) -> #NAME?
A19: =TEST_DATA!A19 -> 27AAAAA0019Z5 | B19: =TEST_DATA!B19 -> Jun-2018 | C19: =TEST_DATA!C19 -> 43644 | D19: =TEST_DATA!D19 -> NIL | E19: =TEST_DATA!E19 -> 2745 | F19: =MIN(E19*1900,10000) -> 10000 | G19: =_xludf.MINIFS(CBIC_Late_Fee_Relief_Windows_1!$I$19:$I$100,CBIC_Late_Fee_Relief_Windows_1!$D$19:$D$100,"<="&B19,CBIC_Late_Fee_Relief_Windows_1!$E$19:$E$100,">="&B19,CBIC_Late_Fee_Relief_Windows_1!$F$19:$F$100,"<="&C19,CBIC_Late_Fee_Relief_Windows_1!$G$19:$G$100,">="&C19,CBIC_Late_Fee_Relief_Windows_1!$H$19:$H$100,D19) -> #NAME? | H19: =MIN(F19,G19) -> #NAME? | I19: =INDEX(CBIC_Late_Fee_Relief_Windows_1!$B$19:$B$100,MATCH(G19,CBIC_Late_Fee_Relief_Windows_1!$I$19:$I$100,0)) -> #NAME?
A20: =TEST_DATA!A20 -> 27AAAAA0020Z5 | B20: =TEST_DATA!B20 -> Mar-2018 | C20: =TEST_DATA!C20 -> 44354 | D20: =TEST_DATA!D20 -> NIL | E20: =TEST_DATA!E20 -> 2495 | F20: =MIN(E20*2000,10000) -> 10000 | G20: =_xludf.MINIFS(CBIC_Late_Fee_Relief_Windows_1!$I$20:$I$100,CBIC_Late_Fee_Relief_Windows_1!$D$20:$D$100,"<="&B20,CBIC_Late_Fee_Relief_Windows_1!$E$20:$E$100,">="&B20,CBIC_Late_Fee_Relief_Windows_1!$F$20:$F$100,"<="&C20,CBIC_Late_Fee_Relief_Windows_1!$G$20:$G$100,">="&C20,CBIC_Late_Fee_Relief_Windows_1!$H$20:$H$100,D20) -> #NAME? | H20: =MIN(F20,G20) -> #NAME? | I20: =INDEX(CBIC_Late_Fee_Relief_Windows_1!$B$20:$B$100,MATCH(G20,CBIC_Late_Fee_Relief_Windows_1!$I$20:$I$100,0)) -> #NAME?
A21: =TEST_DATA!A21 -> 27AAAAA0021Z5 | B21: =TEST_DATA!B21 -> May-2020 | C21: =TEST_DATA!C21 -> 44181 | D21: =TEST_DATA!D21 -> NIL | E21: =TEST_DATA!E21 -> 669 | F21: =MIN(E21*2100,10000) -> 10000 | G21: =_xludf.MINIFS(CBIC_Late_Fee_Relief_Windows_1!$I$21:$I$100,CBIC_Late_Fee_Relief_Windows_1!$D$21:$D$100,"<="&B21,CBIC_Late_Fee_Relief_Windows_1!$E$21:$E$100,">="&B21,CBIC_Late_Fee_Relief_Windows_1!$F$21:$F$100,"<="&C21,CBIC_Late_Fee_Relief_Windows_1!$G$21:$G$100,">="&C21,CBIC_Late_Fee_Relief_Windows_1!$H$21:$H$100,D21) -> #NAME? | H21: =MIN(F21,G21) -> #NAME? | I21: =INDEX(CBIC_Late_Fee_Relief_Windows_1!$B$21:$B$100,MATCH(G21,CBIC_Late_Fee_Relief_Windows_1!$I$21:$I$100,0)) -> #NAME?
A22: =TEST_DATA!A22 -> 27AAAAA0022Z5 | B22: =TEST_DATA!B22 -> Sep-2018 | C22: =TEST_DATA!C22 -> 43694 | D22: =TEST_DATA!D22 -> NON-NIL | E22: =TEST_DATA!E22 -> 2621 | F22: =MIN(E22*2200,10000) -> 10000 | G22: =_xludf.MINIFS(CBIC_Late_Fee_Relief_Windows_1!$I$22:$I$100,CBIC_Late_Fee_Relief_Windows_1!$D$22:$D$100,"<="&B22,CBIC_Late_Fee_Relief_Windows_1!$E$22:$E$100,">="&B22,CBIC_Late_Fee_Relief_Windows_1!$F$22:$F$100,"<="&C22,CBIC_Late_Fee_Relief_Windows_1!$G$22:$G$100,">="&C22,CBIC_Late_Fee_Relief_Windows_1!$H$22:$H$100,D22) -> #NAME? | H22: =MIN(F22,G22) -> #NAME? | I22: =INDEX(CBIC_Late_Fee_Relief_Windows_1!$B$22:$B$100,MATCH(G22,CBIC_Late_Fee_Relief_Windows_1!$I$22:$I$100,0)) -> #NAME?
A23: =TEST_DATA!A23 -> 27AAAAA0023Z5 | B23: =TEST_DATA!B23 -> Jul-2020 | C23: =TEST_DATA!C23 -> 44280 | D23: =TEST_DATA!D23 -> NON-NIL | E23: =TEST_DATA!E23 -> 229 | F23: =MIN(E23*2300,10000) -> 10000 | G23: =_xludf.MINIFS(CBIC_Late_Fee_Relief_Windows_1!$I$23:$I$100,CBIC_Late_Fee_Relief_Windows_1!$D$23:$D$100,"<="&B23,CBIC_Late_Fee_Relief_Windows_1!$E$23:$E$100,">="&B23,CBIC_Late_Fee_Relief_Windows_1!$F$23:$F$100,"<="&C23,CBIC_Late_Fee_Relief_Windows_1!$G$23:$G$100,">="&C23,CBIC_Late_Fee_Relief_Windows_1!$H$23:$H$100,D23) -> #NAME? | H23: =MIN(F23,G23) -> #NAME? | I23: =INDEX(CBIC_Late_Fee_Relief_Windows_1!$B$23:$B$100,MATCH(G23,CBIC_Late_Fee_Relief_Windows_1!$I$23:$I$100,0)) -> #NAME?
A24: =TEST_DATA!A24 -> 27AAAAA0024Z5 | B24: =TEST_DATA!B24 -> Feb-2018 | C24: =TEST_DATA!C24 -> 42982 | D24: =TEST_DATA!D24 -> NON-NIL | E24: =TEST_DATA!E24 -> 1643 | F24: =MIN(E24*2400,10000) -> 10000 | G24: =_xludf.MINIFS(CBIC_Late_Fee_Relief_Windows_1!$I$24:$I$100,CBIC_Late_Fee_Relief_Windows_1!$D$24:$D$100,"<="&B24,CBIC_Late_Fee_Relief_Windows_1!$E$24:$E$100,">="&B24,CBIC_Late_Fee_Relief_Windows_1!$F$24:$F$100,"<="&C24,CBIC_Late_Fee_Relief_Windows_1!$G$24:$G$100,">="&C24,CBIC_Late_Fee_Relief_Windows_1!$H$24:$H$100,D24) -> #NAME? | H24: =MIN(F24,G24) -> #NAME? | I24: =INDEX(CBIC_Late_Fee_Relief_Windows_1!$B$24:$B$100,MATCH(G24,CBIC_Late_Fee_Relief_Windows_1!$I$24:$I$100,0)) -> #NAME?
A25: =TEST_DATA!A25 -> 27AAAAA0025Z5 | B25: =TEST_DATA!B25 -> Mar-2018 | C25: =TEST_DATA!C25 -> 43052 | D25: =TEST_DATA!D25 -> NIL | E25: =TEST_DATA!E25 -> 2323 | F25: =MIN(E25*2500,10000) -> 10000 | G25: =_xludf.MINIFS(CBIC_Late_Fee_Relief_Windows_1!$I$25:$I$100,CBIC_Late_Fee_Relief_Windows_1!$D$25:$D$100,"<="&B25,CBIC_Late_Fee_Relief_Windows_1!$E$25:$E$100,">="&B25,CBIC_Late_Fee_Relief_Windows_1!$F$25:$F$100,"<="&C25,CBIC_Late_Fee_Relief_Windows_1!$G$25:$G$100,">="&C25,CBIC_Late_Fee_Relief_Windows_1!$H$25:$H$100,D25) -> #NAME? | H25: =MIN(F25,G25) -> #NAME? | I25: =INDEX(CBIC_Late_Fee_Relief_Windows_1!$B$25:$B$100,MATCH(G25,CBIC_Late_Fee_Relief_Windows_1!$I$25:$I$100,0)) -> #NAME?
A26: =TEST_DATA!A26 -> 27AAAAA0026Z5 | B26: =TEST_DATA!B26 -> Dec-2024 | C26: =TEST_DATA!C26 -> 44754 | D26: =TEST_DATA!D26 -> NIL | E26: =TEST_DATA!E26 -> 2684 | F26: =MIN(E26*2600,10000) -> 10000 | G26: =_xludf.MINIFS(CBIC_Late_Fee_Relief_Windows_1!$I$26:$I$100,CBIC_Late_Fee_Relief_Windows_1!$D$26:$D$100,"<="&B26,CBIC_Late_Fee_Relief_Windows_1!$E$26:$E$100,">="&B26,CBIC_Late_Fee_Relief_Windows_1!$F$26:$F$100,"<="&C26,CBIC_Late_Fee_Relief_Windows_1!$G$26:$G$100,">="&C26,CBIC_Late_Fee_Relief_Windows_1!$H$26:$H$100,D26) -> #NAME? | H26: =MIN(F26,G26) -> #NAME? | I26: =INDEX(CBIC_Late_Fee_Relief_Windows_1!$B$26:$B$100,MATCH(G26,CBIC_Late_Fee_Relief_Windows_1!$I$26:$I$100,0)) -> #NAME?
A27: =TEST_DATA!A27 -> 27AAAAA0027Z5 | B27: =TEST_DATA!B27 -> Jan-2019 | C27: =TEST_DATA!C27 -> 45086 | D27: =TEST_DATA!D27 -> NON-NIL | E27: =TEST_DATA!E27 -> 585 | F27: =MIN(E27*2700,10000) -> 10000 | G27: =_xludf.MINIFS(CBIC_Late_Fee_Relief_Windows_1!$I$27:$I$100,CBIC_Late_Fee_Relief_Windows_1!$D$27:$D$100,"<="&B27,CBIC_Late_Fee_Relief_Windows_1!$E$27:$E$100,">="&B27,CBIC_Late_Fee_Relief_Windows_1!$F$27:$F$100,"<="&C27,CBIC_Late_Fee_Relief_Windows_1!$G$27:$G$100,">="&C27,CBIC_Late_Fee_Relief_Windows_1!$H$27:$H$100,D27) -> #NAME? | H27: =MIN(F27,G27) -> #NAME? | I27: =INDEX(CBIC_Late_Fee_Relief_Windows_1!$B$27:$B$100,MATCH(G27,CBIC_Late_Fee_Relief_Windows_1!$I$27:$I$100,0)) -> #NAME?
A28: =TEST_DATA!A28 -> 27AAAAA0028Z5 | B28: =TEST_DATA!B28 -> Mar-2018 | C28: =TEST_DATA!C28 -> 43202 | D28: =TEST_DATA!D28 -> NIL | E28: =TEST_DATA!E28 -> 2299 | F28: =MIN(E28*2800,10000) -> 10000 | G28: =_xludf.MINIFS(CBIC_Late_Fee_Relief_Windows_1!$I$28:$I$100,CBIC_Late_Fee_Relief_Windows_1!$D$28:$D$100,"<="&B28,CBIC_Late_Fee_Relief_Windows_1!$E$28:$E$100,">="&B28,CBIC_Late_Fee_Relief_Windows_1!$F$28:$F$100,"<="&C28,CBIC_Late_Fee_Relief_Windows_1!$G$28:$G$100,">="&C28,CBIC_Late_Fee_Relief_Windows_1!$H$28:$H$100,D28) -> #NAME? | H28: =MIN(F28,G28) -> #NAME? | I28: =INDEX(CBIC_Late_Fee_Relief_Windows_1!$B$28:$B$100,MATCH(G28,CBIC_Late_Fee_Relief_Windows_1!$I$28:$I$100,0)) -> #NAME?
A29: =TEST_DATA!A29 -> 27AAAAA0029Z5 | B29: =TEST_DATA!B29 -> Dec-2019 | C29: =TEST_DATA!C29 -> 44542 | D29: =TEST_DATA!D29 -> NON-NIL | E29: =TEST_DATA!E29 -> 2390 | F29: =MIN(E29*2900,10000) -> 10000 | G29: =_xludf.MINIFS(CBIC_Late_Fee_Relief_Windows_1!$I$29:$I$100,CBIC_Late_Fee_Relief_Windows_1!$D$29:$D$100,"<="&B29,CBIC_Late_Fee_Relief_Windows_1!$E$29:$E$100,">="&B29,CBIC_Late_Fee_Relief_Windows_1!$F$29:$F$100,"<="&C29,CBIC_Late_Fee_Relief_Windows_1!$G$29:$G$100,">="&C29,CBIC_Late_Fee_Relief_Windows_1!$H$29:$H$100,D29) -> #NAME? | H29: =MIN(F29,G29) -> #NAME? | I29: =INDEX(CBIC_Late_Fee_Relief_Windows_1!$B$29:$B$100,MATCH(G29,CBIC_Late_Fee_Relief_Windows_1!$I$29:$I$100,0)) -> #NAME?
A30: =TEST_DATA!A30 -> 27AAAAA0030Z5 | B30: =TEST_DATA!B30 -> Jul-2018 | C30: =TEST_DATA!C30 -> 43658 | D30: =TEST_DATA!D30 -> NIL | E30: =TEST_DATA!E30 -> 566 | F30: =MIN(E30*3000,10000) -> 10000 | G30: =_xludf.MINIFS(CBIC_Late_Fee_Relief_Windows_1!$I$30:$I$100,CBIC_Late_Fee_Relief_Windows_1!$D$30:$D$100,"<="&B30,CBIC_Late_Fee_Relief_Windows_1!$E$30:$E$100,">="&B30,CBIC_Late_Fee_Relief_Windows_1!$F$30:$F$100,"<="&C30,CBIC_Late_Fee_Relief_Windows_1!$G$30:$G$100,">="&C30,CBIC_Late_Fee_Relief_Windows_1!$H$30:$H$100,D30) -> #NAME? | H30: =MIN(F30,G30) -> #NAME? | I30: =INDEX(CBIC_Late_Fee_Relief_Windows_1!$B$30:$B$100,MATCH(G30,CBIC_Late_Fee_Relief_Windows_1!$I$30:$I$100,0)) -> #NAME?
A31: =TEST_DATA!A31 -> 27AAAAA0031Z5 | B31: =TEST_DATA!B31 -> Jun-2019 | C31: =TEST_DATA!C31 -> 45487 | D31: =TEST_DATA!D31 -> NIL | E31: =TEST_DATA!E31 -> 192 | F31: =MIN(E31*3100,10000) -> 10000 | G31: =_xludf.MINIFS(CBIC_Late_Fee_Relief_Windows_1!$I$31:$I$100,CBIC_Late_Fee_Relief_Windows_1!$D$31:$D$100,"<="&B31,CBIC_Late_Fee_Relief_Windows_1!$E$31:$E$100,">="&B31,CBIC_Late_Fee_Relief_Windows_1!$F$31:$F$100,"<="&C31,CBIC_Late_Fee_Relief_Windows_1!$G$31:$G$100,">="&C31,CBIC_Late_Fee_Relief_Windows_1!$H$31:$H$100,D31) -> #NAME? | H31: =MIN(F31,G31) -> #NAME? | I31: =INDEX(CBIC_Late_Fee_Relief_Windows_1!$B$31:$B$100,MATCH(G31,CBIC_Late_Fee_Relief_Windows_1!$I$31:$I$100,0)) -> #NAME?
A32: =TEST_DATA!A32 -> 27AAAAA0032Z5 | B32: =TEST_DATA!B32 -> Mar-2023 | C32: =TEST_DATA!C32 -> 43915 | D32: =TEST_DATA!D32 -> NIL | E32: =TEST_DATA!E32 -> 2570 | F32: =MIN(E32*3200,10000) -> 10000 | G32: =_xludf.MINIFS(CBIC_Late_Fee_Relief_Windows_1!$I$32:$I$100,CBIC_Late_Fee_Relief_Windows_1!$D$32:$D$100,"<="&B32,CBIC_Late_Fee_Relief_Windows_1!$E$32:$E$100,">="&B32,CBIC_Late_Fee_Relief_Windows_1!$F$32:$F$100,"<="&C32,CBIC_Late_Fee_Relief_Windows_1!$G$32:$G$100,">="&C32,CBIC_Late_Fee_Relief_Windows_1!$H$32:$H$100,D32) -> #NAME? | H32: =MIN(F32,G32) -> #NAME? | I32: =INDEX(CBIC_Late_Fee_Relief_Windows_1!$B$32:$B$100,MATCH(G32,CBIC_Late_Fee_Relief_Windows_1!$I$32:$I$100,0)) -> #NAME?
A33: =TEST_DATA!A33 -> 27AAAAA0033Z5 | B33: =TEST_DATA!B33 -> Dec-2017 | C33: =TEST_DATA!C33 -> 44539 | D33: =TEST_DATA!D33 -> NON-NIL | E33: =TEST_DATA!E33 -> 2442 | F33: =MIN(E33*3300,10000) -> 10000 | G33: =_xludf.MINIFS(CBIC_Late_Fee_Relief_Windows_1!$I$33:$I$100,CBIC_Late_Fee_Relief_Windows_1!$D$33:$D$100,"<="&B33,CBIC_Late_Fee_Relief_Windows_1!$E$33:$E$100,">="&B33,CBIC_Late_Fee_Relief_Windows_1!$F$33:$F$100,"<="&C33,CBIC_Late_Fee_Relief_Windows_1!$G$33:$G$100,">="&C33,CBIC_Late_Fee_Relief_Windows_1!$H$33:$H$100,D33) -> #NAME? | H33: =MIN(F33,G33) -> #NAME? | I33: =INDEX(CBIC_Late_Fee_Relief_Windows_1!$B$33:$B$100,MATCH(G33,CBIC_Late_Fee_Relief_Windows_1!$I$33:$I$100,0)) -> #NAME?
A34: =TEST_DATA!A34 -> 27AAAAA0034Z5 | B34: =TEST_DATA!B34 -> Sep-2017 | C34: =TEST_DATA!C34 -> 43705 | D34: =TEST_DATA!D34 -> NON-NIL | E34: =TEST_DATA!E34 -> 2440 | F34: =MIN(E34*3400,10000) -> 10000 | G34: =_xludf.MINIFS(CBIC_Late_Fee_Relief_Windows_1!$I$34:$I$100,CBIC_Late_Fee_Relief_Windows_1!$D$34:$D$100,"<="&B34,CBIC_Late_Fee_Relief_Windows_1!$E$34:$E$100,">="&B34,CBIC_Late_Fee_Relief_Windows_1!$F$34:$F$100,"<="&C34,CBIC_Late_Fee_Relief_Windows_1!$G$34:$G$100,">="&C34,CBIC_Late_Fee_Relief_Windows_1!$H$34:$H$100,D34) -> #NAME? | H34: =MIN(F34,G34) -> #NAME? | I34: =INDEX(CBIC_Late_Fee_Relief_Windows_1!$B$34:$B$100,MATCH(G34,CBIC_Late_Fee_Relief_Windows_1!$I$34:$I$100,0)) -> #NAME?
A35: =TEST_DATA!A35 -> 27AAAAA0035Z5 | B35: =TEST_DATA!B35 -> Sep-2018 | C35: =TEST_DATA!C35 -> 44000 | D35: =TEST_DATA!D35 -> NON-NIL | E35: =TEST_DATA!E35 -> 2266 | F35: =MIN(E35*3500,10000) -> 10000 | G35: =_xludf.MINIFS(CBIC_Late_Fee_Relief_Windows_1!$I$35:$I$100,CBIC_Late_Fee_Relief_Windows_1!$D$35:$D$100,"<="&B35,CBIC_Late_Fee_Relief_Windows_1!$E$35:$E$100,">="&B35,CBIC_Late_Fee_Relief_Windows_1!$F$35:$F$100,"<="&C35,CBIC_Late_Fee_Relief_Windows_1!$G$35:$G$100,">="&C35,CBIC_Late_Fee_Relief_Windows_1!$H$35:$H$100,D35) -> #NAME? | H35: =MIN(F35,G35) -> #NAME? | I35: =INDEX(CBIC_Late_Fee_Relief_Windows_1!$B$35:$B$100,MATCH(G35,CBIC_Late_Fee_Relief_Windows_1!$I$35:$I$100,0)) -> #NAME?
A36: =TEST_DATA!A36 -> 27AAAAA0036Z5 | B36: =TEST_DATA!B36 -> Mar-2023 | C36: =TEST_DATA!C36 -> 43513 | D36: =TEST_DATA!D36 -> NIL | E36: =TEST_DATA!E36 -> 2792 | F36: =MIN(E36*3600,10000) -> 10000 | G36: =_xludf.MINIFS(CBIC_Late_Fee_Relief_Windows_1!$I$36:$I$100,CBIC_Late_Fee_Relief_Windows_1!$D$36:$D$100,"<="&B36,CBIC_Late_Fee_Relief_Windows_1!$E$36:$E$100,">="&B36,CBIC_Late_Fee_Relief_Windows_1!$F$36:$F$100,"<="&C36,CBIC_Late_Fee_Relief_Windows_1!$G$36:$G$100,">="&C36,CBIC_Late_Fee_Relief_Windows_1!$H$36:$H$100,D36) -> #NAME? | H36: =MIN(F36,G36) -> #NAME? | I36: =INDEX(CBIC_Late_Fee_Relief_Windows_1!$B$36:$B$100,MATCH(G36,CBIC_Late_Fee_Relief_Windows_1!$I$36:$I$100,0)) -> #NAME?
A37: =TEST_DATA!A37 -> 27AAAAA0037Z5 | B37: =TEST_DATA!B37 -> Dec-2024 | C37: =TEST_DATA!C37 -> 45665 | D37: =TEST_DATA!D37 -> NON-NIL | E37: =TEST_DATA!E37 -> 2625 | F37: =MIN(E37*3700,10000) -> 10000 | G37: =_xludf.MINIFS(CBIC_Late_Fee_Relief_Windows_1!$I$37:$I$100,CBIC_Late_Fee_Relief_Windows_1!$D$37:$D$100,"<="&B37,CBIC_Late_Fee_Relief_Windows_1!$E$37:$E$100,">="&B37,CBIC_Late_Fee_Relief_Windows_1!$F$37:$F$100,"<="&C37,CBIC_Late_Fee_Relief_Windows_1!$G$37:$G$100,">="&C37,CBIC_Late_Fee_Relief_Windows_1!$H$37:$H$100,D37) -> #NAME? | H37: =MIN(F37,G37) -> #NAME? | I37: =INDEX(CBIC_Late_Fee_Relief_Windows_1!$B$37:$B$100,MATCH(G37,CBIC_Late_Fee_Relief_Windows_1!$I$37:$I$100,0)) -> #NAME?
A38: =TEST_DATA!A38 -> 27AAAAA0038Z5 | B38: =TEST_DATA!B38 -> May-2018 | C38: =TEST_DATA!C38 -> 43145 | D38: =TEST_DATA!D38 -> NON-NIL | E38: =TEST_DATA!E38 -> 1780 | F38: =MIN(E38*3800,10000) -> 10000 | G38: =_xludf.MINIFS(CBIC_Late_Fee_Relief_Windows_1!$I$38:$I$100,CBIC_Late_Fee_Relief_Windows_1!$D$38:$D$100,"<="&B38,CBIC_Late_Fee_Relief_Windows_1!$E$38:$E$100,">="&B38,CBIC_Late_Fee_Relief_Windows_1!$F$38:$F$100,"<="&C38,CBIC_Late_Fee_Relief_Windows_1!$G$38:$G$100,">="&C38,CBIC_Late_Fee_Relief_Windows_1!$H$38:$H$100,D38) -> #NAME? | H38: =MIN(F38,G38) -> #NAME? | I38: =INDEX(CBIC_Late_Fee_Relief_Windows_1!$B$38:$B$100,MATCH(G38,CBIC_Late_Fee_Relief_Windows_1!$I$38:$I$100,0)) -> #NAME?
A39: =TEST_DATA!A39 -> 27AAAAA0039Z5 | B39: =TEST_DATA!B39 -> Dec-2017 | C39: =TEST_DATA!C39 -> 43846 | D39: =TEST_DATA!D39 -> NIL | E39: =TEST_DATA!E39 -> 2957 | F39: =MIN(E39*3900,10000) -> 10000 | G39: =_xludf.MINIFS(CBIC_Late_Fee_Relief_Windows_1!$I$39:$I$100,CBIC_Late_Fee_Relief_Windows_1!$D$39:$D$100,"<="&B39,CBIC_Late_Fee_Relief_Windows_1!$E$39:$E$100,">="&B39,CBIC_Late_Fee_Relief_Windows_1!$F$39:$F$100,"<="&C39,CBIC_Late_Fee_Relief_Windows_1!$G$39:$G$100,">="&C39,CBIC_Late_Fee_Relief_Windows_1!$H$39:$H$100,D39) -> #NAME? | H39: =MIN(F39,G39) -> #NAME? | I39: =INDEX(CBIC_Late_Fee_Relief_Windows_1!$B$39:$B$100,MATCH(G39,CBIC_Late_Fee_Relief_Windows_1!$I$39:$I$100,0)) -> #NAME?
A40: =TEST_DATA!A40 -> 27AAAAA0040Z5 | B40: =TEST_DATA!B40 -> Dec-2024 | C40: =TEST_DATA!C40 -> 44544 | D40: =TEST_DATA!D40 -> NIL | E40: =TEST_DATA!E40 -> 2079 | F40: =MIN(E40*4000,10000) -> 10000 | G40: =_xludf.MINIFS(CBIC_Late_Fee_Relief_Windows_1!$I$40:$I$100,CBIC_Late_Fee_Relief_Windows_1!$D$40:$D$100,"<="&B40,CBIC_Late_Fee_Relief_Windows_1!$E$40:$E$100,">="&B40,CBIC_Late_Fee_Relief_Windows_1!$F$40:$F$100,"<="&C40,CBIC_Late_Fee_Relief_Windows_1!$G$40:$G$100,">="&C40,CBIC_Late_Fee_Relief_Windows_1!$H$40:$H$100,D40) -> #NAME? | H40: =MIN(F40,G40) -> #NAME? | I40: =INDEX(CBIC_Late_Fee_Relief_Windows_1!$B$40:$B$100,MATCH(G40,CBIC_Late_Fee_Relief_Windows_1!$I$40:$I$100,0)) -> #NAME?
A41: =TEST_DATA!A41 -> 27AAAAA0041Z5 | B41: =TEST_DATA!B41 -> Oct-2017 | C41: =TEST_DATA!C41 -> 44197 | D41: =TEST_DATA!D41 -> NON-NIL | E41: =TEST_DATA!E41 -> 2617 | F41: =MIN(E41*4100,10000) -> 10000 | G41: =_xludf.MINIFS(CBIC_Late_Fee_Relief_Windows_1!$I$41:$I$100,CBIC_Late_Fee_Relief_Windows_1!$D$41:$D$100,"<="&B41,CBIC_Late_Fee_Relief_Windows_1!$E$41:$E$100,">="&B41,CBIC_Late_Fee_Relief_Windows_1!$F$41:$F$100,"<="&C41,CBIC_Late_Fee_Relief_Windows_1!$G$41:$G$100,">="&C41,CBIC_Late_Fee_Relief_Windows_1!$H$41:$H$100,D41) -> #NAME? | H41: =MIN(F41,G41) -> #NAME? | I41: =INDEX(CBIC_Late_Fee_Relief_Windows_1!$B$41:$B$100,MATCH(G41,CBIC_Late_Fee_Relief_Windows_1!$I$41:$I$100,0)) -> #NAME?
A42: =TEST_DATA!A42 -> 27AAAAA0042Z5 | B42: =TEST_DATA!B42 -> Jun-2019 | C42: =TEST_DATA!C42 -> 44280 | D42: =TEST_DATA!D42 -> NIL | E42: =TEST_DATA!E42 -> 1531 | F42: =MIN(E42*4200,10000) -> 10000 | G42: =_xludf.MINIFS(CBIC_Late_Fee_Relief_Windows_1!$I$42:$I$100,CBIC_Late_Fee_Relief_Windows_1!$D$42:$D$100,"<="&B42,CBIC_Late_Fee_Relief_Windows_1!$E$42:$E$100,">="&B42,CBIC_Late_Fee_Relief_Windows_1!$F$42:$F$100,"<="&C42,CBIC_Late_Fee_Relief_Windows_1!$G$42:$G$100,">="&C42,CBIC_Late_Fee_Relief_Windows_1!$H$42:$H$100,D42) -> #NAME? | H42: =MIN(F42,G42) -> #NAME? | I42: =INDEX(CBIC_Late_Fee_Relief_Windows_1!$B$42:$B$100,MATCH(G42,CBIC_Late_Fee_Relief_Windows_1!$I$42:$I$100,0)) -> #NAME?
A43: =TEST_DATA!A43 -> 27AAAAA0043Z5 | B43: =TEST_DATA!B43 -> Mar-2021 | C43: =TEST_DATA!C43 -> 44127 | D43: =TEST_DATA!D43 -> NIL | E43: =TEST_DATA!E43 -> 2453 | F43: =MIN(E43*4300,10000) -> 10000 | G43: =_xludf.MINIFS(CBIC_Late_Fee_Relief_Windows_1!$I$43:$I$100,CBIC_Late_Fee_Relief_Windows_1!$D$43:$D$100,"<="&B43,CBIC_Late_Fee_Relief_Windows_1!$E$43:$E$100,">="&B43,CBIC_Late_Fee_Relief_Windows_1!$F$43:$F$100,"<="&C43,CBIC_Late_Fee_Relief_Windows_1!$G$43:$G$100,">="&C43,CBIC_Late_Fee_Relief_Windows_1!$H$43:$H$100,D43) -> #NAME? | H43: =MIN(F43,G43) -> #NAME? | I43: =INDEX(CBIC_Late_Fee_Relief_Windows_1!$B$43:$B$100,MATCH(G43,CBIC_Late_Fee_Relief_Windows_1!$I$43:$I$100,0)) -> #NAME?
A44: =TEST_DATA!A44 -> 27AAAAA0044Z5 | B44: =TEST_DATA!B44 -> May-2018 | C44: =TEST_DATA!C44 -> 43917 | D44: =TEST_DATA!D44 -> NIL | E44: =TEST_DATA!E44 -> 458 | F44: =MIN(E44*4400,10000) -> 10000 | G44: =_xludf.MINIFS(CBIC_Late_Fee_Relief_Windows_1!$I$44:$I$100,CBIC_Late_Fee_Relief_Windows_1!$D$44:$D$100,"<="&B44,CBIC_Late_Fee_Relief_Windows_1!$E$44:$E$100,">="&B44,CBIC_Late_Fee_Relief_Windows_1!$F$44:$F$100,"<="&C44,CBIC_Late_Fee_Relief_Windows_1!$G$44:$G$100,">="&C44,CBIC_Late_Fee_Relief_Windows_1!$H$44:$H$100,D44) -> #NAME? | H44: =MIN(F44,G44) -> #NAME? | I44: =INDEX(CBIC_Late_Fee_Relief_Windows_1!$B$44:$B$100,MATCH(G44,CBIC_Late_Fee_Relief_Windows_1!$I$44:$I$100,0)) -> #NAME?
A45: =TEST_DATA!A45 -> 27AAAAA0045Z5 | B45: =TEST_DATA!B45 -> Jun-2018 | C45: =TEST_DATA!C45 -> 43546 | D45: =TEST_DATA!D45 -> NIL | E45: =TEST_DATA!E45 -> 237 | F45: =MIN(E45*4500,10000) -> 10000 | G45: =_xludf.MINIFS(CBIC_Late_Fee_Relief_Windows_1!$I$45:$I$100,CBIC_Late_Fee_Relief_Windows_1!$D$45:$D$100,"<="&B45,CBIC_Late_Fee_Relief_Windows_1!$E$45:$E$100,">="&B45,CBIC_Late_Fee_Relief_Windows_1!$F$45:$F$100,"<="&C45,CBIC_Late_Fee_Relief_Windows_1!$G$45:$G$100,">="&C45,CBIC_Late_Fee_Relief_Windows_1!$H$45:$H$100,D45) -> #NAME? | H45: =MIN(F45,G45) -> #NAME? | I45: =INDEX(CBIC_Late_Fee_Relief_Windows_1!$B$45:$B$100,MATCH(G45,CBIC_Late_Fee_Relief_Windows_1!$I$45:$I$100,0)) -> #NAME?
A46: =TEST_DATA!A46 -> 27AAAAA0046Z5 | B46: =TEST_DATA!B46 -> Feb-2018 | C46: =TEST_DATA!C46 -> 44078 | D46: =TEST_DATA!D46 -> NIL | E46: =TEST_DATA!E46 -> 350 | F46: =MIN(E46*4600,10000) -> 10000 | G46: =_xludf.MINIFS(CBIC_Late_Fee_Relief_Windows_1!$I$46:$I$100,CBIC_Late_Fee_Relief_Windows_1!$D$46:$D$100,"<="&B46,CBIC_Late_Fee_Relief_Windows_1!$E$46:$E$100,">="&B46,CBIC_Late_Fee_Relief_Windows_1!$F$46:$F$100,"<="&C46,CBIC_Late_Fee_Relief_Windows_1!$G$46:$G$100,">="&C46,CBIC_Late_Fee_Relief_Windows_1!$H$46:$H$100,D46) -> #NAME? | H46: =MIN(F46,G46) -> #NAME? | I46: =INDEX(CBIC_Late_Fee_Relief_Windows_1!$B$46:$B$100,MATCH(G46,CBIC_Late_Fee_Relief_Windows_1!$I$46:$I$100,0)) -> #NAME?
A47: =TEST_DATA!A47 -> 27AAAAA0047Z5 | B47: =TEST_DATA!B47 -> Jan-2021 | C47: =TEST_DATA!C47 -> 45456 | D47: =TEST_DATA!D47 -> NIL | E47: =TEST_DATA!E47 -> 2181 | F47: =MIN(E47*4700,10000) -> 10000 | G47: =_xludf.MINIFS(CBIC_Late_Fee_Relief_Windows_1!$I$47:$I$100,CBIC_Late_Fee_Relief_Windows_1!$D$47:$D$100,"<="&B47,CBIC_Late_Fee_Relief_Windows_1!$E$47:$E$100,">="&B47,CBIC_Late_Fee_Relief_Windows_1!$F$47:$F$100,"<="&C47,CBIC_Late_Fee_Relief_Windows_1!$G$47:$G$100,">="&C47,CBIC_Late_Fee_Relief_Windows_1!$H$47:$H$100,D47) -> #NAME? | H47: =MIN(F47,G47) -> #NAME? | I47: =INDEX(CBIC_Late_Fee_Relief_Windows_1!$B$47:$B$100,MATCH(G47,CBIC_Late_Fee_Relief_Windows_1!$I$47:$I$100,0)) -> #NAME?
A48: =TEST_DATA!A48 -> 27AAAAA0048Z5 | B48: =TEST_DATA!B48 -> Mar-2021 | C48: =TEST_DATA!C48 -> 43981 | D48: =TEST_DATA!D48 -> NIL | E48: =TEST_DATA!E48 -> 2702 | F48: =MIN(E48*4800,10000) -> 10000 | G48: =_xludf.MINIFS(CBIC_Late_Fee_Relief_Windows_1!$I$48:$I$100,CBIC_Late_Fee_Relief_Windows_1!$D$48:$D$100,"<="&B48,CBIC_Late_Fee_Relief_Windows_1!$E$48:$E$100,">="&B48,CBIC_Late_Fee_Relief_Windows_1!$F$48:$F$100,"<="&C48,CBIC_Late_Fee_Relief_Windows_1!$G$48:$G$100,">="&C48,CBIC_Late_Fee_Relief_Windows_1!$H$48:$H$100,D48) -> #NAME? | H48: =MIN(F48,G48) -> #NAME? | I48: =INDEX(CBIC_Late_Fee_Relief_Windows_1!$B$48:$B$100,MATCH(G48,CBIC_Late_Fee_Relief_Windows_1!$I$48:$I$100,0)) -> #NAME?
A49: =TEST_DATA!A49 -> 27AAAAA0049Z5 | B49: =TEST_DATA!B49 -> Jan-2019 | C49: =TEST_DATA!C49 -> 45717 | D49: =TEST_DATA!D49 -> NIL | E49: =TEST_DATA!E49 -> 1085 | F49: =MIN(E49*4900,10000) -> 10000 | G49: =_xludf.MINIFS(CBIC_Late_Fee_Relief_Windows_1!$I$49:$I$100,CBIC_Late_Fee_Relief_Windows_1!$D$49:$D$100,"<="&B49,CBIC_Late_Fee_Relief_Windows_1!$E$49:$E$100,">="&B49,CBIC_Late_Fee_Relief_Windows_1!$F$49:$F$100,"<="&C49,CBIC_Late_Fee_Relief_Windows_1!$G$49:$G$100,">="&C49,CBIC_Late_Fee_Relief_Windows_1!$H$49:$H$100,D49) -> #NAME? | H49: =MIN(F49,G49) -> #NAME? | I49: =INDEX(CBIC_Late_Fee_Relief_Windows_1!$B$49:$B$100,MATCH(G49,CBIC_Late_Fee_Relief_Windows_1!$I$49:$I$100,0)) -> #NAME?
A50: =TEST_DATA!A50 -> 27AAAAA0050Z5 | B50: =TEST_DATA!B50 -> Jun-2019 | C50: =TEST_DATA!C50 -> 45199 | D50: =TEST_DATA!D50 -> NIL | E50: =TEST_DATA!E50 -> 2208 | F50: =MIN(E50*5000,10000) -> 10000 | G50: =_xludf.MINIFS(CBIC_Late_Fee_Relief_Windows_1!$I$50:$I$100,CBIC_Late_Fee_Relief_Windows_1!$D$50:$D$100,"<="&B50,CBIC_Late_Fee_Relief_Windows_1!$E$50:$E$100,">="&B50,CBIC_Late_Fee_Relief_Windows_1!$F$50:$F$100,"<="&C50,CBIC_Late_Fee_Relief_Windows_1!$G$50:$G$100,">="&C50,CBIC_Late_Fee_Relief_Windows_1!$H$50:$H$100,D50) -> #NAME? | H50: =MIN(F50,G50) -> #NAME? | I50: =INDEX(CBIC_Late_Fee_Relief_Windows_1!$B$50:$B$100,MATCH(G50,CBIC_Late_Fee_Relief_Windows_1!$I$50:$I$100,0)) -> #NAME?
A51: =TEST_DATA!A51 -> 27AAAAA0051Z5 | B51: =TEST_DATA!B51 -> Mar-2021 | C51: =TEST_DATA!C51 -> 44289 | D51: =TEST_DATA!D51 -> NON-NIL | E51: =TEST_DATA!E51 -> 1634 | F51: =MIN(E51*5100,10000) -> 10000 | G51: =_xludf.MINIFS(CBIC_Late_Fee_Relief_Windows_1!$I$51:$I$100,CBIC_Late_Fee_Relief_Windows_1!$D$51:$D$100,"<="&B51,CBIC_Late_Fee_Relief_Windows_1!$E$51:$E$100,">="&B51,CBIC_Late_Fee_Relief_Windows_1!$F$51:$F$100,"<="&C51,CBIC_Late_Fee_Relief_Windows_1!$G$51:$G$100,">="&C51,CBIC_Late_Fee_Relief_Windows_1!$H$51:$H$100,D51) -> #NAME? | H51: =MIN(F51,G51) -> #NAME? | I51: =INDEX(CBIC_Late_Fee_Relief_Windows_1!$B$51:$B$100,MATCH(G51,CBIC_Late_Fee_Relief_Windows_1!$I$51:$I$100,0)) -> #NAME?
A52: =TEST_DATA!A52 -> 27AAAAA0052Z5 | B52: =TEST_DATA!B52 -> Jun-2020 | C52: =TEST_DATA!C52 -> 44595 | D52: =TEST_DATA!D52 -> NON-NIL | E52: =TEST_DATA!E52 -> 2119 | F52: =MIN(E52*5200,10000) -> 10000 | G52: =_xludf.MINIFS(CBIC_Late_Fee_Relief_Windows_1!$I$52:$I$100,CBIC_Late_Fee_Relief_Windows_1!$D$52:$D$100,"<="&B52,CBIC_Late_Fee_Relief_Windows_1!$E$52:$E$100,">="&B52,CBIC_Late_Fee_Relief_Windows_1!$F$52:$F$100,"<="&C52,CBIC_Late_Fee_Relief_Windows_1!$G$52:$G$100,">="&C52,CBIC_Late_Fee_Relief_Windows_1!$H$52:$H$100,D52) -> #NAME? | H52: =MIN(F52,G52) -> #NAME? | I52: =INDEX(CBIC_Late_Fee_Relief_Windows_1!$B$52:$B$100,MATCH(G52,CBIC_Late_Fee_Relief_Windows_1!$I$52:$I$100,0)) -> #NAME?
A53: =TEST_DATA!A53 -> 27AAAAA0053Z5 | B53: =TEST_DATA!B53 -> Sep-2018 | C53: =TEST_DATA!C53 -> 43164 | D53: =TEST_DATA!D53 -> NIL | E53: =TEST_DATA!E53 -> 920 | F53: =MIN(E53*5300,10000) -> 10000 | G53: =_xludf.MINIFS(CBIC_Late_Fee_Relief_Windows_1!$I$53:$I$100,CBIC_Late_Fee_Relief_Windows_1!$D$53:$D$100,"<="&B53,CBIC_Late_Fee_Relief_Windows_1!$E$53:$E$100,">="&B53,CBIC_Late_Fee_Relief_Windows_1!$F$53:$F$100,"<="&C53,CBIC_Late_Fee_Relief_Windows_1!$G$53:$G$100,">="&C53,CBIC_Late_Fee_Relief_Windows_1!$H$53:$H$100,D53) -> #NAME? | H53: =MIN(F53,G53) -> #NAME? | I53: =INDEX(CBIC_Late_Fee_Relief_Windows_1!$B$53:$B$100,MATCH(G53,CBIC_Late_Fee_Relief_Windows_1!$I$53:$I$100,0)) -> #NAME?
A54: =TEST_DATA!A54 -> 27AAAAA0054Z5 | B54: =TEST_DATA!B54 -> Sep-2017 | C54: =TEST_DATA!C54 -> 43609 | D54: =TEST_DATA!D54 -> NIL | E54: =TEST_DATA!E54 -> 2409 | F54: =MIN(E54*5400,10000) -> 10000 | G54: =_xludf.MINIFS(CBIC_Late_Fee_Relief_Windows_1!$I$54:$I$100,CBIC_Late_Fee_Relief_Windows_1!$D$54:$D$100,"<="&B54,CBIC_Late_Fee_Relief_Windows_1!$E$54:$E$100,">="&B54,CBIC_Late_Fee_Relief_Windows_1!$F$54:$F$100,"<="&C54,CBIC_Late_Fee_Relief_Windows_1!$G$54:$G$100,">="&C54,CBIC_Late_Fee_Relief_Windows_1!$H$54:$H$100,D54) -> #NAME? | H54: =MIN(F54,G54) -> #NAME? | I54: =INDEX(CBIC_Late_Fee_Relief_Windows_1!$B$54:$B$100,MATCH(G54,CBIC_Late_Fee_Relief_Windows_1!$I$54:$I$100,0)) -> #NAME?
A55: =TEST_DATA!A55 -> 27AAAAA0055Z5 | B55: =TEST_DATA!B55 -> Dec-2019 | C55: =TEST_DATA!C55 -> 44408 | D55: =TEST_DATA!D55 -> NIL | E55: =TEST_DATA!E55 -> 29 | F55: =MIN(E55*5500,10000) -> 10000 | G55: =_xludf.MINIFS(CBIC_Late_Fee_Relief_Windows_1!$I$55:$I$100,CBIC_Late_Fee_Relief_Windows_1!$D$55:$D$100,"<="&B55,CBIC_Late_Fee_Relief_Windows_1!$E$55:$E$100,">="&B55,CBIC_Late_Fee_Relief_Windows_1!$F$55:$F$100,"<="&C55,CBIC_Late_Fee_Relief_Windows_1!$G$55:$G$100,">="&C55,CBIC_Late_Fee_Relief_Windows_1!$H$55:$H$100,D55) -> #NAME? | H55: =MIN(F55,G55) -> #NAME? | I55: =INDEX(CBIC_Late_Fee_Relief_Windows_1!$B$55:$B$100,MATCH(G55,CBIC_Late_Fee_Relief_Windows_1!$I$55:$I$100,0)) -> #NAME?
A56: =TEST_DATA!A56 -> 27AAAAA0056Z5 | B56: =TEST_DATA!B56 -> Sep-2017 | C56: =TEST_DATA!C56 -> 44366 | D56: =TEST_DATA!D56 -> NIL | E56: =TEST_DATA!E56 -> 937 | F56: =MIN(E56*5600,10000) -> 10000 | G56: =_xludf.MINIFS(CBIC_Late_Fee_Relief_Windows_1!$I$56:$I$100,CBIC_Late_Fee_Relief_Windows_1!$D$56:$D$100,"<="&B56,CBIC_Late_Fee_Relief_Windows_1!$E$56:$E$100,">="&B56,CBIC_Late_Fee_Relief_Windows_1!$F$56:$F$100,"<="&C56,CBIC_Late_Fee_Relief_Windows_1!$G$56:$G$100,">="&C56,CBIC_Late_Fee_Relief_Windows_1!$H$56:$H$100,D56) -> #NAME? | H56: =MIN(F56,G56) -> #NAME? | I56: =INDEX(CBIC_Late_Fee_Relief_Windows_1!$B$56:$B$100,MATCH(G56,CBIC_Late_Fee_Relief_Windows_1!$I$56:$I$100,0)) -> #NAME?
A57: =TEST_DATA!A57 -> 27AAAAA0057Z5 | B57: =TEST_DATA!B57 -> Sep-2017 | C57: =TEST_DATA!C57 -> 42981 | D57: =TEST_DATA!D57 -> NON-NIL | E57: =TEST_DATA!E57 -> 290 | F57: =MIN(E57*5700,10000) -> 10000 | G57: =_xludf.MINIFS(CBIC_Late_Fee_Relief_Windows_1!$I$57:$I$100,CBIC_Late_Fee_Relief_Windows_1!$D$57:$D$100,"<="&B57,CBIC_Late_Fee_Relief_Windows_1!$E$57:$E$100,">="&B57,CBIC_Late_Fee_Relief_Windows_1!$F$57:$F$100,"<="&C57,CBIC_Late_Fee_Relief_Windows_1!$G$57:$G$100,">="&C57,CBIC_Late_Fee_Relief_Windows_1!$H$57:$H$100,D57) -> #NAME? | H57: =MIN(F57,G57) -> #NAME? | I57: =INDEX(CBIC_Late_Fee_Relief_Windows_1!$B$57:$B$100,MATCH(G57,CBIC_Late_Fee_Relief_Windows_1!$I$57:$I$100,0)) -> #NAME?
A58: =TEST_DATA!A58 -> 27AAAAA0058Z5 | B58: =TEST_DATA!B58 -> Jun-2019 | C58: =TEST_DATA!C58 -> 44440 | D58: =TEST_DATA!D58 -> NON-NIL | E58: =TEST_DATA!E58 -> 2740 | F58: =MIN(E58*5800,10000) -> 10000 | G58: =_xludf.MINIFS(CBIC_Late_Fee_Relief_Windows_1!$I$58:$I$100,CBIC_Late_Fee_Relief_Windows_1!$D$58:$D$100,"<="&B58,CBIC_Late_Fee_Relief_Windows_1!$E$58:$E$100,">="&B58,CBIC_Late_Fee_Relief_Windows_1!$F$58:$F$100,"<="&C58,CBIC_Late_Fee_Relief_Windows_1!$G$58:$G$100,">="&C58,CBIC_Late_Fee_Relief_Windows_1!$H$58:$H$100,D58) -> #NAME? | H58: =MIN(F58,G58) -> #NAME? | I58: =INDEX(CBIC_Late_Fee_Relief_Windows_1!$B$58:$B$100,MATCH(G58,CBIC_Late_Fee_Relief_Windows_1!$I$58:$I$100,0)) -> #NAME?
A59: =TEST_DATA!A59 -> 27AAAAA0059Z5 | B59: =TEST_DATA!B59 -> Jan-2019 | C59: =TEST_DATA!C59 -> 44343 | D59: =TEST_DATA!D59 -> NIL | E59: =TEST_DATA!E59 -> 2962 | F59: =MIN(E59*5900,10000) -> 10000 | G59: =_xludf.MINIFS(CBIC_Late_Fee_Relief_Windows_1!$I$59:$I$100,CBIC_Late_Fee_Relief_Windows_1!$D$59:$D$100,"<="&B59,CBIC_Late_Fee_Relief_Windows_1!$E$59:$E$100,">="&B59,CBIC_Late_Fee_Relief_Windows_1!$F$59:$F$100,"<="&C59,CBIC_Late_Fee_Relief_Windows_1!$G$59:$G$100,">="&C59,CBIC_Late_Fee_Relief_Windows_1!$H$59:$H$100,D59) -> #NAME? | H59: =MIN(F59,G59) -> #NAME? | I59: =INDEX(CBIC_Late_Fee_Relief_Windows_1!$B$59:$B$100,MATCH(G59,CBIC_Late_Fee_Relief_Windows_1!$I$59:$I$100,0)) -> #NAME?
A60: =TEST_DATA!A60 -> 27AAAAA0060Z5 | B60: =TEST_DATA!B60 -> Dec-2024 | C60: =TEST_DATA!C60 -> 45804 | D60: =TEST_DATA!D60 -> NON-NIL | E60: =TEST_DATA!E60 -> 995 | F60: =MIN(E60*6000,10000) -> 10000 | G60: =_xludf.MINIFS(CBIC_Late_Fee_Relief_Windows_1!$I$60:$I$100,CBIC_Late_Fee_Relief_Windows_1!$D$60:$D$100,"<="&B60,CBIC_Late_Fee_Relief_Windows_1!$E$60:$E$100,">="&B60,CBIC_Late_Fee_Relief_Windows_1!$F$60:$F$100,"<="&C60,CBIC_Late_Fee_Relief_Windows_1!$G$60:$G$100,">="&C60,CBIC_Late_Fee_Relief_Windows_1!$H$60:$H$100,D60) -> #NAME? | H60: =MIN(F60,G60) -> #NAME? | I60: =INDEX(CBIC_Late_Fee_Relief_Windows_1!$B$60:$B$100,MATCH(G60,CBIC_Late_Fee_Relief_Windows_1!$I$60:$I$100,0)) -> #NAME?
A61: =TEST_DATA!A61 -> 27AAAAA0061Z5 | B61: =TEST_DATA!B61 -> Apr-2021 | C61: =TEST_DATA!C61 -> 45403 | D61: =TEST_DATA!D61 -> NON-NIL | E61: =TEST_DATA!E61 -> 779 | F61: =MIN(E61*6100,10000) -> 10000 | G61: =_xludf.MINIFS(CBIC_Late_Fee_Relief_Windows_1!$I$61:$I$100,CBIC_Late_Fee_Relief_Windows_1!$D$61:$D$100,"<="&B61,CBIC_Late_Fee_Relief_Windows_1!$E$61:$E$100,">="&B61,CBIC_Late_Fee_Relief_Windows_1!$F$61:$F$100,"<="&C61,CBIC_Late_Fee_Relief_Windows_1!$G$61:$G$100,">="&C61,CBIC_Late_Fee_Relief_Windows_1!$H$61:$H$100,D61) -> #NAME? | H61: =MIN(F61,G61) -> #NAME? | I61: =INDEX(CBIC_Late_Fee_Relief_Windows_1!$B$61:$B$100,MATCH(G61,CBIC_Late_Fee_Relief_Windows_1!$I$61:$I$100,0)) -> #NAME?
A62: =TEST_DATA!A62 -> 27AAAAA0062Z5 | B62: =TEST_DATA!B62 -> Oct-2017 | C62: =TEST_DATA!C62 -> 43115 | D62: =TEST_DATA!D62 -> NON-NIL | E62: =TEST_DATA!E62 -> 1451 | F62: =MIN(E62*6200,10000) -> 10000 | G62: =_xludf.MINIFS(CBIC_Late_Fee_Relief_Windows_1!$I$62:$I$100,CBIC_Late_Fee_Relief_Windows_1!$D$62:$D$100,"<="&B62,CBIC_Late_Fee_Relief_Windows_1!$E$62:$E$100,">="&B62,CBIC_Late_Fee_Relief_Windows_1!$F$62:$F$100,"<="&C62,CBIC_Late_Fee_Relief_Windows_1!$G$62:$G$100,">="&C62,CBIC_Late_Fee_Relief_Windows_1!$H$62:$H$100,D62) -> #NAME? | H62: =MIN(F62,G62) -> #NAME? | I62: =INDEX(CBIC_Late_Fee_Relief_Windows_1!$B$62:$B$100,MATCH(G62,CBIC_Late_Fee_Relief_Windows_1!$I$62:$I$100,0)) -> #NAME?
A63: =TEST_DATA!A63 -> 27AAAAA0063Z5 | B63: =TEST_DATA!B63 -> Aug-2018 | C63: =TEST_DATA!C63 -> 43758 | D63: =TEST_DATA!D63 -> NON-NIL | E63: =TEST_DATA!E63 -> 2986 | F63: =MIN(E63*6300,10000) -> 10000 | G63: =_xludf.MINIFS(CBIC_Late_Fee_Relief_Windows_1!$I$63:$I$100,CBIC_Late_Fee_Relief_Windows_1!$D$63:$D$100,"<="&B63,CBIC_Late_Fee_Relief_Windows_1!$E$63:$E$100,">="&B63,CBIC_Late_Fee_Relief_Windows_1!$F$63:$F$100,"<="&C63,CBIC_Late_Fee_Relief_Windows_1!$G$63:$G$100,">="&C63,CBIC_Late_Fee_Relief_Windows_1!$H$63:$H$100,D63) -> #NAME? | H63: =MIN(F63,G63) -> #NAME? | I63: =INDEX(CBIC_Late_Fee_Relief_Windows_1!$B$63:$B$100,MATCH(G63,CBIC_Late_Fee_Relief_Windows_1!$I$63:$I$100,0)) -> #NAME?
A64: =TEST_DATA!A64 -> 27AAAAA0064Z5 | B64: =TEST_DATA!B64 -> Aug-2017 | C64: =TEST_DATA!C64 -> 44296 | D64: =TEST_DATA!D64 -> NIL | E64: =TEST_DATA!E64 -> 248 | F64: =MIN(E64*6400,10000) -> 10000 | G64: =_xludf.MINIFS(CBIC_Late_Fee_Relief_Windows_1!$I$64:$I$100,CBIC_Late_Fee_Relief_Windows_1!$D$64:$D$100,"<="&B64,CBIC_Late_Fee_Relief_Windows_1!$E$64:$E$100,">="&B64,CBIC_Late_Fee_Relief_Windows_1!$F$64:$F$100,"<="&C64,CBIC_Late_Fee_Relief_Windows_1!$G$64:$G$100,">="&C64,CBIC_Late_Fee_Relief_Windows_1!$H$64:$H$100,D64) -> #NAME? | H64: =MIN(F64,G64) -> #NAME? | I64: =INDEX(CBIC_Late_Fee_Relief_Windows_1!$B$64:$B$100,MATCH(G64,CBIC_Late_Fee_Relief_Windows_1!$I$64:$I$100,0)) -> #NAME?
A65: =TEST_DATA!A65 -> 27AAAAA0065Z5 | B65: =TEST_DATA!B65 -> Jul-2018 | C65: =TEST_DATA!C65 -> 44408 | D65: =TEST_DATA!D65 -> NON-NIL | E65: =TEST_DATA!E65 -> 447 | F65: =MIN(E65*6500,10000) -> 10000 | G65: =_xludf.MINIFS(CBIC_Late_Fee_Relief_Windows_1!$I$65:$I$100,CBIC_Late_Fee_Relief_Windows_1!$D$65:$D$100,"<="&B65,CBIC_Late_Fee_Relief_Windows_1!$E$65:$E$100,">="&B65,CBIC_Late_Fee_Relief_Windows_1!$F$65:$F$100,"<="&C65,CBIC_Late_Fee_Relief_Windows_1!$G$65:$G$100,">="&C65,CBIC_Late_Fee_Relief_Windows_1!$H$65:$H$100,D65) -> #NAME? | H65: =MIN(F65,G65) -> #NAME? | I65: =INDEX(CBIC_Late_Fee_Relief_Windows_1!$B$65:$B$100,MATCH(G65,CBIC_Late_Fee_Relief_Windows_1!$I$65:$I$100,0)) -> #NAME?
A66: =TEST_DATA!A66 -> 27AAAAA0066Z5 | B66: =TEST_DATA!B66 -> Feb-2018 | C66: =TEST_DATA!C66 -> 43309 | D66: =TEST_DATA!D66 -> NIL | E66: =TEST_DATA!E66 -> 2196 | F66: =MIN(E66*6600,10000) -> 10000 | G66: =_xludf.MINIFS(CBIC_Late_Fee_Relief_Windows_1!$I$66:$I$100,CBIC_Late_Fee_Relief_Windows_1!$D$66:$D$100,"<="&B66,CBIC_Late_Fee_Relief_Windows_1!$E$66:$E$100,">="&B66,CBIC_Late_Fee_Relief_Windows_1!$F$66:$F$100,"<="&C66,CBIC_Late_Fee_Relief_Windows_1!$G$66:$G$100,">="&C66,CBIC_Late_Fee_Relief_Windows_1!$H$66:$H$100,D66) -> #NAME? | H66: =MIN(F66,G66) -> #NAME? | I66: =INDEX(CBIC_Late_Fee_Relief_Windows_1!$B$66:$B$100,MATCH(G66,CBIC_Late_Fee_Relief_Windows_1!$I$66:$I$100,0)) -> #NAME?
A67: =TEST_DATA!A67 -> 27AAAAA0067Z5 | B67: =TEST_DATA!B67 -> Sep-2018 | C67: =TEST_DATA!C67 -> 43204 | D67: =TEST_DATA!D67 -> NON-NIL | E67: =TEST_DATA!E67 -> 751 | F67: =MIN(E67*6700,10000) -> 10000 | G67: =_xludf.MINIFS(CBIC_Late_Fee_Relief_Windows_1!$I$67:$I$100,CBIC_Late_Fee_Relief_Windows_1!$D$67:$D$100,"<="&B67,CBIC_Late_Fee_Relief_Windows_1!$E$67:$E$100,">="&B67,CBIC_Late_Fee_Relief_Windows_1!$F$67:$F$100,"<="&C67,CBIC_Late_Fee_Relief_Windows_1!$G$67:$G$100,">="&C67,CBIC_Late_Fee_Relief_Windows_1!$H$67:$H$100,D67) -> #NAME? | H67: =MIN(F67,G67) -> #NAME? | I67: =INDEX(CBIC_Late_Fee_Relief_Windows_1!$B$67:$B$100,MATCH(G67,CBIC_Late_Fee_Relief_Windows_1!$I$67:$I$100,0)) -> #NAME?
A68: =TEST_DATA!A68 -> 27AAAAA0068Z5 | B68: =TEST_DATA!B68 -> Mar-2018 | C68: =TEST_DATA!C68 -> 43864 | D68: =TEST_DATA!D68 -> NIL | E68: =TEST_DATA!E68 -> 308 | F68: =MIN(E68*6800,10000) -> 10000 | G68: =_xludf.MINIFS(CBIC_Late_Fee_Relief_Windows_1!$I$68:$I$100,CBIC_Late_Fee_Relief_Windows_1!$D$68:$D$100,"<="&B68,CBIC_Late_Fee_Relief_Windows_1!$E$68:$E$100,">="&B68,CBIC_Late_Fee_Relief_Windows_1!$F$68:$F$100,"<="&C68,CBIC_Late_Fee_Relief_Windows_1!$G$68:$G$100,">="&C68,CBIC_Late_Fee_Relief_Windows_1!$H$68:$H$100,D68) -> #NAME? | H68: =MIN(F68,G68) -> #NAME? | I68: =INDEX(CBIC_Late_Fee_Relief_Windows_1!$B$68:$B$100,MATCH(G68,CBIC_Late_Fee_Relief_Windows_1!$I$68:$I$100,0)) -> #NAME?
A69: =TEST_DATA!A69 -> 27AAAAA0069Z5 | B69: =TEST_DATA!B69 -> Sep-2018 | C69: =TEST_DATA!C69 -> 44044 | D69: =TEST_DATA!D69 -> NIL | E69: =TEST_DATA!E69 -> 207 | F69: =MIN(E69*6900,10000) -> 10000 | G69: =_xludf.MINIFS(CBIC_Late_Fee_Relief_Windows_1!$I$69:$I$100,CBIC_Late_Fee_Relief_Windows_1!$D$69:$D$100,"<="&B69,CBIC_Late_Fee_Relief_Windows_1!$E$69:$E$100,">="&B69,CBIC_Late_Fee_Relief_Windows_1!$F$69:$F$100,"<="&C69,CBIC_Late_Fee_Relief_Windows_1!$G$69:$G$100,">="&C69,CBIC_Late_Fee_Relief_Windows_1!$H$69:$H$100,D69) -> #NAME? | H69: =MIN(F69,G69) -> #NAME? | I69: =INDEX(CBIC_Late_Fee_Relief_Windows_1!$B$69:$B$100,MATCH(G69,CBIC_Late_Fee_Relief_Windows_1!$I$69:$I$100,0)) -> #NAME?
A70: =TEST_DATA!A70 -> 27AAAAA0070Z5 | B70: =TEST_DATA!B70 -> May-2020 | C70: =TEST_DATA!C70 -> 43861 | D70: =TEST_DATA!D70 -> NIL | E70: =TEST_DATA!E70 -> 968 | F70: =MIN(E70*7000,10000) -> 10000 | G70: =_xludf.MINIFS(CBIC_Late_Fee_Relief_Windows_1!$I$70:$I$100,CBIC_Late_Fee_Relief_Windows_1!$D$70:$D$100,"<="&B70,CBIC_Late_Fee_Relief_Windows_1!$E$70:$E$100,">="&B70,CBIC_Late_Fee_Relief_Windows_1!$F$70:$F$100,"<="&C70,CBIC_Late_Fee_Relief_Windows_1!$G$70:$G$100,">="&C70,CBIC_Late_Fee_Relief_Windows_1!$H$70:$H$100,D70) -> #NAME? | H70: =MIN(F70,G70) -> #NAME? | I70: =INDEX(CBIC_Late_Fee_Relief_Windows_1!$B$70:$B$100,MATCH(G70,CBIC_Late_Fee_Relief_Windows_1!$I$70:$I$100,0)) -> #NAME?
A71: =TEST_DATA!A71 -> 27AAAAA0071Z5 | B71: =TEST_DATA!B71 -> Dec-2017 | C71: =TEST_DATA!C71 -> 43749 | D71: =TEST_DATA!D71 -> NON-NIL | E71: =TEST_DATA!E71 -> 1971 | F71: =MIN(E71*7100,10000) -> 10000 | G71: =_xludf.MINIFS(CBIC_Late_Fee_Relief_Windows_1!$I$71:$I$100,CBIC_Late_Fee_Relief_Windows_1!$D$71:$D$100,"<="&B71,CBIC_Late_Fee_Relief_Windows_1!$E$71:$E$100,">="&B71,CBIC_Late_Fee_Relief_Windows_1!$F$71:$F$100,"<="&C71,CBIC_Late_Fee_Relief_Windows_1!$G$71:$G$100,">="&C71,CBIC_Late_Fee_Relief_Windows_1!$H$71:$H$100,D71) -> #NAME? | H71: =MIN(F71,G71) -> #NAME? | I71: =INDEX(CBIC_Late_Fee_Relief_Windows_1!$B$71:$B$100,MATCH(G71,CBIC_Late_Fee_Relief_Windows_1!$I$71:$I$100,0)) -> #NAME?
A72: =TEST_DATA!A72 -> 27AAAAA0072Z5 | B72: =TEST_DATA!B72 -> Jan-2018 | C72: =TEST_DATA!C72 -> 43738 | D72: =TEST_DATA!D72 -> NIL | E72: =TEST_DATA!E72 -> 674 | F72: =MIN(E72*7200,10000) -> 10000 | G72: =_xludf.MINIFS(CBIC_Late_Fee_Relief_Windows_1!$I$72:$I$100,CBIC_Late_Fee_Relief_Windows_1!$D$72:$D$100,"<="&B72,CBIC_Late_Fee_Relief_Windows_1!$E$72:$E$100,">="&B72,CBIC_Late_Fee_Relief_Windows_1!$F$72:$F$100,"<="&C72,CBIC_Late_Fee_Relief_Windows_1!$G$72:$G$100,">="&C72,CBIC_Late_Fee_Relief_Windows_1!$H$72:$H$100,D72) -> #NAME? | H72: =MIN(F72,G72) -> #NAME? | I72: =INDEX(CBIC_Late_Fee_Relief_Windows_1!$B$72:$B$100,MATCH(G72,CBIC_Late_Fee_Relief_Windows_1!$I$72:$I$100,0)) -> #NAME?
A73: =TEST_DATA!A73 -> 27AAAAA0073Z5 | B73: =TEST_DATA!B73 -> Jul-2018 | C73: =TEST_DATA!C73 -> 42921 | D73: =TEST_DATA!D73 -> NON-NIL | E73: =TEST_DATA!E73 -> 1086 | F73: =MIN(E73*7300,10000) -> 10000 | G73: =_xludf.MINIFS(CBIC_Late_Fee_Relief_Windows_1!$I$73:$I$100,CBIC_Late_Fee_Relief_Windows_1!$D$73:$D$100,"<="&B73,CBIC_Late_Fee_Relief_Windows_1!$E$73:$E$100,">="&B73,CBIC_Late_Fee_Relief_Windows_1!$F$73:$F$100,"<="&C73,CBIC_Late_Fee_Relief_Windows_1!$G$73:$G$100,">="&C73,CBIC_Late_Fee_Relief_Windows_1!$H$73:$H$100,D73) -> #NAME? | H73: =MIN(F73,G73) -> #NAME? | I73: =INDEX(CBIC_Late_Fee_Relief_Windows_1!$B$73:$B$100,MATCH(G73,CBIC_Late_Fee_Relief_Windows_1!$I$73:$I$100,0)) -> #NAME?
A74: =TEST_DATA!A74 -> 27AAAAA0074Z5 | B74: =TEST_DATA!B74 -> Apr-2021 | C74: =TEST_DATA!C74 -> 45329 | D74: =TEST_DATA!D74 -> NON-NIL | E74: =TEST_DATA!E74 -> 1732 | F74: =MIN(E74*7400,10000) -> 10000 | G74: =_xludf.MINIFS(CBIC_Late_Fee_Relief_Windows_1!$I$74:$I$100,CBIC_Late_Fee_Relief_Windows_1!$D$74:$D$100,"<="&B74,CBIC_Late_Fee_Relief_Windows_1!$E$74:$E$100,">="&B74,CBIC_Late_Fee_Relief_Windows_1!$F$74:$F$100,"<="&C74,CBIC_Late_Fee_Relief_Windows_1!$G$74:$G$100,">="&C74,CBIC_Late_Fee_Relief_Windows_1!$H$74:$H$100,D74) -> #NAME? | H74: =MIN(F74,G74) -> #NAME? | I74: =INDEX(CBIC_Late_Fee_Relief_Windows_1!$B$74:$B$100,MATCH(G74,CBIC_Late_Fee_Relief_Windows_1!$I$74:$I$100,0)) -> #NAME?
A75: =TEST_DATA!A75 -> 27AAAAA0075Z5 | B75: =TEST_DATA!B75 -> Jul-2020 | C75: =TEST_DATA!C75 -> 44827 | D75: =TEST_DATA!D75 -> NIL | E75: =TEST_DATA!E75 -> 777 | F75: =MIN(E75*7500,10000) -> 10000 | G75: =_xludf.MINIFS(CBIC_Late_Fee_Relief_Windows_1!$I$75:$I$100,CBIC_Late_Fee_Relief_Windows_1!$D$75:$D$100,"<="&B75,CBIC_Late_Fee_Relief_Windows_1!$E$75:$E$100,">="&B75,CBIC_Late_Fee_Relief_Windows_1!$F$75:$F$100,"<="&C75,CBIC_Late_Fee_Relief_Windows_1!$G$75:$G$100,">="&C75,CBIC_Late_Fee_Relief_Windows_1!$H$75:$H$100,D75) -> #NAME? | H75: =MIN(F75,G75) -> #NAME? | I75: =INDEX(CBIC_Late_Fee_Relief_Windows_1!$B$75:$B$100,MATCH(G75,CBIC_Late_Fee_Relief_Windows_1!$I$75:$I$100,0)) -> #NAME?
A76: =TEST_DATA!A76 -> 27AAAAA0076Z5 | B76: =TEST_DATA!B76 -> Apr-2018 | C76: =TEST_DATA!C76 -> 43362 | D76: =TEST_DATA!D76 -> NIL | E76: =TEST_DATA!E76 -> 2372 | F76: =MIN(E76*7600,10000) -> 10000 | G76: =_xludf.MINIFS(CBIC_Late_Fee_Relief_Windows_1!$I$76:$I$100,CBIC_Late_Fee_Relief_Windows_1!$D$76:$D$100,"<="&B76,CBIC_Late_Fee_Relief_Windows_1!$E$76:$E$100,">="&B76,CBIC_Late_Fee_Relief_Windows_1!$F$76:$F$100,"<="&C76,CBIC_Late_Fee_Relief_Windows_1!$G$76:$G$100,">="&C76,CBIC_Late_Fee_Relief_Windows_1!$H$76:$H$100,D76) -> #NAME? | H76: =MIN(F76,G76) -> #NAME? | I76: =INDEX(CBIC_Late_Fee_Relief_Windows_1!$B$76:$B$100,MATCH(G76,CBIC_Late_Fee_Relief_Windows_1!$I$76:$I$100,0)) -> #NAME?
A77: =TEST_DATA!A77 -> 27AAAAA0077Z5 | B77: =TEST_DATA!B77 -> Jan-2021 | C77: =TEST_DATA!C77 -> 45686 | D77: =TEST_DATA!D77 -> NIL | E77: =TEST_DATA!E77 -> 1284 | F77: =MIN(E77*7700,10000) -> 10000 | G77: =_xludf.MINIFS(CBIC_Late_Fee_Relief_Windows_1!$I$77:$I$100,CBIC_Late_Fee_Relief_Windows_1!$D$77:$D$100,"<="&B77,CBIC_Late_Fee_Relief_Windows_1!$E$77:$E$100,">="&B77,CBIC_Late_Fee_Relief_Windows_1!$F$77:$F$100,"<="&C77,CBIC_Late_Fee_Relief_Windows_1!$G$77:$G$100,">="&C77,CBIC_Late_Fee_Relief_Windows_1!$H$77:$H$100,D77) -> #NAME? | H77: =MIN(F77,G77) -> #NAME? | I77: =INDEX(CBIC_Late_Fee_Relief_Windows_1!$B$77:$B$100,MATCH(G77,CBIC_Late_Fee_Relief_Windows_1!$I$77:$I$100,0)) -> #NAME?
A78: =TEST_DATA!A78 -> 27AAAAA0078Z5 | B78: =TEST_DATA!B78 -> Aug-2017 | C78: =TEST_DATA!C78 -> 43019 | D78: =TEST_DATA!D78 -> NON-NIL | E78: =TEST_DATA!E78 -> 2059 | F78: =MIN(E78*7800,10000) -> 10000 | G78: =_xludf.MINIFS(CBIC_Late_Fee_Relief_Windows_1!$I$78:$I$100,CBIC_Late_Fee_Relief_Windows_1!$D$78:$D$100,"<="&B78,CBIC_Late_Fee_Relief_Windows_1!$E$78:$E$100,">="&B78,CBIC_Late_Fee_Relief_Windows_1!$F$78:$F$100,"<="&C78,CBIC_Late_Fee_Relief_Windows_1!$G$78:$G$100,">="&C78,CBIC_Late_Fee_Relief_Windows_1!$H$78:$H$100,D78) -> #NAME? | H78: =MIN(F78,G78) -> #NAME? | I78: =INDEX(CBIC_Late_Fee_Relief_Windows_1!$B$78:$B$100,MATCH(G78,CBIC_Late_Fee_Relief_Windows_1!$I$78:$I$100,0)) -> #NAME?
A79: =TEST_DATA!A79 -> 27AAAAA0079Z5 | B79: =TEST_DATA!B79 -> Mar-2023 | C79: =TEST_DATA!C79 -> 45641 | D79: =TEST_DATA!D79 -> NIL | E79: =TEST_DATA!E79 -> 232 | F79: =MIN(E79*7900,10000) -> 10000 | G79: =_xludf.MINIFS(CBIC_Late_Fee_Relief_Windows_1!$I$79:$I$100,CBIC_Late_Fee_Relief_Windows_1!$D$79:$D$100,"<="&B79,CBIC_Late_Fee_Relief_Windows_1!$E$79:$E$100,">="&B79,CBIC_Late_Fee_Relief_Windows_1!$F$79:$F$100,"<="&C79,CBIC_Late_Fee_Relief_Windows_1!$G$79:$G$100,">="&C79,CBIC_Late_Fee_Relief_Windows_1!$H$79:$H$100,D79) -> #NAME? | H79: =MIN(F79,G79) -> #NAME? | I79: =INDEX(CBIC_Late_Fee_Relief_Windows_1!$B$79:$B$100,MATCH(G79,CBIC_Late_Fee_Relief_Windows_1!$I$79:$I$100,0)) -> #NAME?
A80: =TEST_DATA!A80 -> 27AAAAA0080Z5 | B80: =TEST_DATA!B80 -> Jun-2019 | C80: =TEST_DATA!C80 -> 43794 | D80: =TEST_DATA!D80 -> NIL | E80: =TEST_DATA!E80 -> 280 | F80: =MIN(E80*8000,10000) -> 10000 | G80: =_xludf.MINIFS(CBIC_Late_Fee_Relief_Windows_1!$I$80:$I$100,CBIC_Late_Fee_Relief_Windows_1!$D$80:$D$100,"<="&B80,CBIC_Late_Fee_Relief_Windows_1!$E$80:$E$100,">="&B80,CBIC_Late_Fee_Relief_Windows_1!$F$80:$F$100,"<="&C80,CBIC_Late_Fee_Relief_Windows_1!$G$80:$G$100,">="&C80,CBIC_Late_Fee_Relief_Windows_1!$H$80:$H$100,D80) -> #NAME? | H80: =MIN(F80,G80) -> #NAME? | I80: =INDEX(CBIC_Late_Fee_Relief_Windows_1!$B$80:$B$100,MATCH(G80,CBIC_Late_Fee_Relief_Windows_1!$I$80:$I$100,0)) -> #NAME?
A81: =TEST_DATA!A81 -> 27AAAAA0081Z5 | B81: =TEST_DATA!B81 -> Apr-2020 | C81: =TEST_DATA!C81 -> 43970 | D81: =TEST_DATA!D81 -> NIL | E81: =TEST_DATA!E81 -> 1653 | F81: =MIN(E81*8100,10000) -> 10000 | G81: =_xludf.MINIFS(CBIC_Late_Fee_Relief_Windows_1!$I$81:$I$100,CBIC_Late_Fee_Relief_Windows_1!$D$81:$D$100,"<="&B81,CBIC_Late_Fee_Relief_Windows_1!$E$81:$E$100,">="&B81,CBIC_Late_Fee_Relief_Windows_1!$F$81:$F$100,"<="&C81,CBIC_Late_Fee_Relief_Windows_1!$G$81:$G$100,">="&C81,CBIC_Late_Fee_Relief_Windows_1!$H$81:$H$100,D81) -> #NAME? | H81: =MIN(F81,G81) -> #NAME? | I81: =INDEX(CBIC_Late_Fee_Relief_Windows_1!$B$81:$B$100,MATCH(G81,CBIC_Late_Fee_Relief_Windows_1!$I$81:$I$100,0)) -> #NAME?
A82: =TEST_DATA!A82 -> 27AAAAA0082Z5 | B82: =TEST_DATA!B82 -> Oct-2017 | C82: =TEST_DATA!C82 -> 44083 | D82: =TEST_DATA!D82 -> NIL | E82: =TEST_DATA!E82 -> 2371 | F82: =MIN(E82*8200,10000) -> 10000 | G82: =_xludf.MINIFS(CBIC_Late_Fee_Relief_Windows_1!$I$82:$I$100,CBIC_Late_Fee_Relief_Windows_1!$D$82:$D$100,"<="&B82,CBIC_Late_Fee_Relief_Windows_1!$E$82:$E$100,">="&B82,CBIC_Late_Fee_Relief_Windows_1!$F$82:$F$100,"<="&C82,CBIC_Late_Fee_Relief_Windows_1!$G$82:$G$100,">="&C82,CBIC_Late_Fee_Relief_Windows_1!$H$82:$H$100,D82) -> #NAME? | H82: =MIN(F82,G82) -> #NAME? | I82: =INDEX(CBIC_Late_Fee_Relief_Windows_1!$B$82:$B$100,MATCH(G82,CBIC_Late_Fee_Relief_Windows_1!$I$82:$I$100,0)) -> #NAME?
A83: =TEST_DATA!A83 -> 27AAAAA0083Z5 | B83: =TEST_DATA!B83 -> Apr-2020 | C83: =TEST_DATA!C83 -> 43912 | D83: =TEST_DATA!D83 -> NIL | E83: =TEST_DATA!E83 -> 1717 | F83: =MIN(E83*8300,10000) -> 10000 | G83: =_xludf.MINIFS(CBIC_Late_Fee_Relief_Windows_1!$I$83:$I$100,CBIC_Late_Fee_Relief_Windows_1!$D$83:$D$100,"<="&B83,CBIC_Late_Fee_Relief_Windows_1!$E$83:$E$100,">="&B83,CBIC_Late_Fee_Relief_Windows_1!$F$83:$F$100,"<="&C83,CBIC_Late_Fee_Relief_Windows_1!$G$83:$G$100,">="&C83,CBIC_Late_Fee_Relief_Windows_1!$H$83:$H$100,D83) -> #NAME? | H83: =MIN(F83,G83) -> #NAME? | I83: =INDEX(CBIC_Late_Fee_Relief_Windows_1!$B$83:$B$100,MATCH(G83,CBIC_Late_Fee_Relief_Windows_1!$I$83:$I$100,0)) -> #NAME?
A84: =TEST_DATA!A84 -> 27AAAAA0084Z5 | B84: =TEST_DATA!B84 -> Jun-2020 | C84: =TEST_DATA!C84 -> 44901 | D84: =TEST_DATA!D84 -> NON-NIL | E84: =TEST_DATA!E84 -> 1068 | F84: =MIN(E84*8400,10000) -> 10000 | G84: =_xludf.MINIFS(CBIC_Late_Fee_Relief_Windows_1!$I$84:$I$100,CBIC_Late_Fee_Relief_Windows_1!$D$84:$D$100,"<="&B84,CBIC_Late_Fee_Relief_Windows_1!$E$84:$E$100,">="&B84,CBIC_Late_Fee_Relief_Windows_1!$F$84:$F$100,"<="&C84,CBIC_Late_Fee_Relief_Windows_1!$G$84:$G$100,">="&C84,CBIC_Late_Fee_Relief_Windows_1!$H$84:$H$100,D84) -> #NAME? | H84: =MIN(F84,G84) -> #NAME? | I84: =INDEX(CBIC_Late_Fee_Relief_Windows_1!$B$84:$B$100,MATCH(G84,CBIC_Late_Fee_Relief_Windows_1!$I$84:$I$100,0)) -> #NAME?
A85: =TEST_DATA!A85 -> 27AAAAA0085Z5 | B85: =TEST_DATA!B85 -> Jan-2018 | C85: =TEST_DATA!C85 -> 44288 | D85: =TEST_DATA!D85 -> NON-NIL | E85: =TEST_DATA!E85 -> 977 | F85: =MIN(E85*8500,10000) -> 10000 | G85: =_xludf.MINIFS(CBIC_Late_Fee_Relief_Windows_1!$I$85:$I$100,CBIC_Late_Fee_Relief_Windows_1!$D$85:$D$100,"<="&B85,CBIC_Late_Fee_Relief_Windows_1!$E$85:$E$100,">="&B85,CBIC_Late_Fee_Relief_Windows_1!$F$85:$F$100,"<="&C85,CBIC_Late_Fee_Relief_Windows_1!$G$85:$G$100,">="&C85,CBIC_Late_Fee_Relief_Windows_1!$H$85:$H$100,D85) -> #NAME? | H85: =MIN(F85,G85) -> #NAME? | I85: =INDEX(CBIC_Late_Fee_Relief_Windows_1!$B$85:$B$100,MATCH(G85,CBIC_Late_Fee_Relief_Windows_1!$I$85:$I$100,0)) -> #NAME?
A86: =TEST_DATA!A86 -> 27AAAAA0086Z5 | B86: =TEST_DATA!B86 -> Mar-2018 | C86: =TEST_DATA!C86 -> 43727 | D86: =TEST_DATA!D86 -> NIL | E86: =TEST_DATA!E86 -> 2751 | F86: =MIN(E86*8600,10000) -> 10000 | G86: =_xludf.MINIFS(CBIC_Late_Fee_Relief_Windows_1!$I$86:$I$100,CBIC_Late_Fee_Relief_Windows_1!$D$86:$D$100,"<="&B86,CBIC_Late_Fee_Relief_Windows_1!$E$86:$E$100,">="&B86,CBIC_Late_Fee_Relief_Windows_1!$F$86:$F$100,"<="&C86,CBIC_Late_Fee_Relief_Windows_1!$G$86:$G$100,">="&C86,CBIC_Late_Fee_Relief_Windows_1!$H$86:$H$100,D86) -> #NAME? | H86: =MIN(F86,G86) -> #NAME? | I86: =INDEX(CBIC_Late_Fee_Relief_Windows_1!$B$86:$B$100,MATCH(G86,CBIC_Late_Fee_Relief_Windows_1!$I$86:$I$100,0)) -> #NAME?
A87: =TEST_DATA!A87 -> 27AAAAA0087Z5 | B87: =TEST_DATA!B87 -> May-2020 | C87: =TEST_DATA!C87 -> 44445 | D87: =TEST_DATA!D87 -> NON-NIL | E87: =TEST_DATA!E87 -> 1295 | F87: =MIN(E87*8700,10000) -> 10000 | G87: =_xludf.MINIFS(CBIC_Late_Fee_Relief_Windows_1!$I$87:$I$100,CBIC_Late_Fee_Relief_Windows_1!$D$87:$D$100,"<="&B87,CBIC_Late_Fee_Relief_Windows_1!$E$87:$E$100,">="&B87,CBIC_Late_Fee_Relief_Windows_1!$F$87:$F$100,"<="&C87,CBIC_Late_Fee_Relief_Windows_1!$G$87:$G$100,">="&C87,CBIC_Late_Fee_Relief_Windows_1!$H$87:$H$100,D87) -> #NAME? | H87: =MIN(F87,G87) -> #NAME? | I87: =INDEX(CBIC_Late_Fee_Relief_Windows_1!$B$87:$B$100,MATCH(G87,CBIC_Late_Fee_Relief_Windows_1!$I$87:$I$100,0)) -> #NAME?
A88: =TEST_DATA!A88 -> 27AAAAA0088Z5 | B88: =TEST_DATA!B88 -> Mar-2021 | C88: =TEST_DATA!C88 -> 43763 | D88: =TEST_DATA!D88 -> NIL | E88: =TEST_DATA!E88 -> 1877 | F88: =MIN(E88*8800,10000) -> 10000 | G88: =_xludf.MINIFS(CBIC_Late_Fee_Relief_Windows_1!$I$88:$I$100,CBIC_Late_Fee_Relief_Windows_1!$D$88:$D$100,"<="&B88,CBIC_Late_Fee_Relief_Windows_1!$E$88:$E$100,">="&B88,CBIC_Late_Fee_Relief_Windows_1!$F$88:$F$100,"<="&C88,CBIC_Late_Fee_Relief_Windows_1!$G$88:$G$100,">="&C88,CBIC_Late_Fee_Relief_Windows_1!$H$88:$H$100,D88) -> #NAME? | H88: =MIN(F88,G88) -> #NAME? | I88: =INDEX(CBIC_Late_Fee_Relief_Windows_1!$B$88:$B$100,MATCH(G88,CBIC_Late_Fee_Relief_Windows_1!$I$88:$I$100,0)) -> #NAME?
A89: =TEST_DATA!A89 -> 27AAAAA0089Z5 | B89: =TEST_DATA!B89 -> Apr-2020 | C89: =TEST_DATA!C89 -> 44035 | D89: =TEST_DATA!D89 -> NIL | E89: =TEST_DATA!E89 -> 2202 | F89: =MIN(E89*8900,10000) -> 10000 | G89: =_xludf.MINIFS(CBIC_Late_Fee_Relief_Windows_1!$I$89:$I$100,CBIC_Late_Fee_Relief_Windows_1!$D$89:$D$100,"<="&B89,CBIC_Late_Fee_Relief_Windows_1!$E$89:$E$100,">="&B89,CBIC_Late_Fee_Relief_Windows_1!$F$89:$F$100,"<="&C89,CBIC_Late_Fee_Relief_Windows_1!$G$89:$G$100,">="&C89,CBIC_Late_Fee_Relief_Windows_1!$H$89:$H$100,D89) -> #NAME? | H89: =MIN(F89,G89) -> #NAME? | I89: =INDEX(CBIC_Late_Fee_Relief_Windows_1!$B$89:$B$100,MATCH(G89,CBIC_Late_Fee_Relief_Windows_1!$I$89:$I$100,0)) -> #NAME?
A90: =TEST_DATA!A90 -> 27AAAAA0090Z5 | B90: =TEST_DATA!B90 -> Jan-2018 | C90: =TEST_DATA!C90 -> 43953 | D90: =TEST_DATA!D90 -> NON-NIL | E90: =TEST_DATA!E90 -> 542 | F90: =MIN(E90*9000,10000) -> 10000 | G90: =_xludf.MINIFS(CBIC_Late_Fee_Relief_Windows_1!$I$90:$I$100,CBIC_Late_Fee_Relief_Windows_1!$D$90:$D$100,"<="&B90,CBIC_Late_Fee_Relief_Windows_1!$E$90:$E$100,">="&B90,CBIC_Late_Fee_Relief_Windows_1!$F$90:$F$100,"<="&C90,CBIC_Late_Fee_Relief_Windows_1!$G$90:$G$100,">="&C90,CBIC_Late_Fee_Relief_Windows_1!$H$90:$H$100,D90) -> #NAME? | H90: =MIN(F90,G90) -> #NAME? | I90: =INDEX(CBIC_Late_Fee_Relief_Windows_1!$B$90:$B$100,MATCH(G90,CBIC_Late_Fee_Relief_Windows_1!$I$90:$I$100,0)) -> #NAME?
A91: =TEST_DATA!A91 -> 27AAAAA0091Z5 | B91: =TEST_DATA!B91 -> Jun-2018 | C91: =TEST_DATA!C91 -> 43057 | D91: =TEST_DATA!D91 -> NIL | E91: =TEST_DATA!E91 -> 1513 | F91: =MIN(E91*9100,10000) -> 10000 | G91: =_xludf.MINIFS(CBIC_Late_Fee_Relief_Windows_1!$I$91:$I$100,CBIC_Late_Fee_Relief_Windows_1!$D$91:$D$100,"<="&B91,CBIC_Late_Fee_Relief_Windows_1!$E$91:$E$100,">="&B91,CBIC_Late_Fee_Relief_Windows_1!$F$91:$F$100,"<="&C91,CBIC_Late_Fee_Relief_Windows_1!$G$91:$G$100,">="&C91,CBIC_Late_Fee_Relief_Windows_1!$H$91:$H$100,D91) -> #NAME? | H91: =MIN(F91,G91) -> #NAME? | I91: =INDEX(CBIC_Late_Fee_Relief_Windows_1!$B$91:$B$100,MATCH(G91,CBIC_Late_Fee_Relief_Windows_1!$I$91:$I$100,0)) -> #NAME?
A92: =TEST_DATA!A92 -> 27AAAAA0092Z5 | B92: =TEST_DATA!B92 -> Apr-2018 | C92: =TEST_DATA!C92 -> 43240 | D92: =TEST_DATA!D92 -> NON-NIL | E92: =TEST_DATA!E92 -> 2225 | F92: =MIN(E92*9200,10000) -> 10000 | G92: =_xludf.MINIFS(CBIC_Late_Fee_Relief_Windows_1!$I$92:$I$100,CBIC_Late_Fee_Relief_Windows_1!$D$92:$D$100,"<="&B92,CBIC_Late_Fee_Relief_Windows_1!$E$92:$E$100,">="&B92,CBIC_Late_Fee_Relief_Windows_1!$F$92:$F$100,"<="&C92,CBIC_Late_Fee_Relief_Windows_1!$G$92:$G$100,">="&C92,CBIC_Late_Fee_Relief_Windows_1!$H$92:$H$100,D92) -> #NAME? | H92: =MIN(F92,G92) -> #NAME? | I92: =INDEX(CBIC_Late_Fee_Relief_Windows_1!$B$92:$B$100,MATCH(G92,CBIC_Late_Fee_Relief_Windows_1!$I$92:$I$100,0)) -> #NAME?
A93: =TEST_DATA!A93 -> 27AAAAA0093Z5 | B93: =TEST_DATA!B93 -> Jul-2020 | C93: =TEST_DATA!C93 -> 44450 | D93: =TEST_DATA!D93 -> NIL | E93: =TEST_DATA!E93 -> 2735 | F93: =MIN(E93*9300,10000) -> 10000 | G93: =_xludf.MINIFS(CBIC_Late_Fee_Relief_Windows_1!$I$93:$I$100,CBIC_Late_Fee_Relief_Windows_1!$D$93:$D$100,"<="&B93,CBIC_Late_Fee_Relief_Windows_1!$E$93:$E$100,">="&B93,CBIC_Late_Fee_Relief_Windows_1!$F$93:$F$100,"<="&C93,CBIC_Late_Fee_Relief_Windows_1!$G$93:$G$100,">="&C93,CBIC_Late_Fee_Relief_Windows_1!$H$93:$H$100,D93) -> #NAME? | H93: =MIN(F93,G93) -> #NAME? | I93: =INDEX(CBIC_Late_Fee_Relief_Windows_1!$B$93:$B$100,MATCH(G93,CBIC_Late_Fee_Relief_Windows_1!$I$93:$I$100,0)) -> #NAME?
A94: =TEST_DATA!A94 -> 27AAAAA0094Z5 | B94: =TEST_DATA!B94 -> Dec-2022 | C94: =TEST_DATA!C94 -> 45737 | D94: =TEST_DATA!D94 -> NON-NIL | E94: =TEST_DATA!E94 -> 2717 | F94: =MIN(E94*9400,10000) -> 10000 | G94: =_xludf.MINIFS(CBIC_Late_Fee_Relief_Windows_1!$I$94:$I$100,CBIC_Late_Fee_Relief_Windows_1!$D$94:$D$100,"<="&B94,CBIC_Late_Fee_Relief_Windows_1!$E$94:$E$100,">="&B94,CBIC_Late_Fee_Relief_Windows_1!$F$94:$F$100,"<="&C94,CBIC_Late_Fee_Relief_Windows_1!$G$94:$G$100,">="&C94,CBIC_Late_Fee_Relief_Windows_1!$H$94:$H$100,D94) -> #NAME? | H94: =MIN(F94,G94) -> #NAME? | I94: =INDEX(CBIC_Late_Fee_Relief_Windows_1!$B$94:$B$100,MATCH(G94,CBIC_Late_Fee_Relief_Windows_1!$I$94:$I$100,0)) -> #NAME?
A95: =TEST_DATA!A95 -> 27AAAAA0095Z5 | B95: =TEST_DATA!B95 -> Oct-2017 | C95: =TEST_DATA!C95 -> 43192 | D95: =TEST_DATA!D95 -> NON-NIL | E95: =TEST_DATA!E95 -> 472 | F95: =MIN(E95*9500,10000) -> 10000 | G95: =_xludf.MINIFS(CBIC_Late_Fee_Relief_Windows_1!$I$95:$I$100,CBIC_Late_Fee_Relief_Windows_1!$D$95:$D$100,"<="&B95,CBIC_Late_Fee_Relief_Windows_1!$E$95:$E$100,">="&B95,CBIC_Late_Fee_Relief_Windows_1!$F$95:$F$100,"<="&C95,CBIC_Late_Fee_Relief_Windows_1!$G$95:$G$100,">="&C95,CBIC_Late_Fee_Relief_Windows_1!$H$95:$H$100,D95) -> #NAME? | H95: =MIN(F95,G95) -> #NAME? | I95: =INDEX(CBIC_Late_Fee_Relief_Windows_1!$B$95:$B$100,MATCH(G95,CBIC_Late_Fee_Relief_Windows_1!$I$95:$I$100,0)) -> #NAME?
A96: =TEST_DATA!A96 -> 27AAAAA0096Z5 | B96: =TEST_DATA!B96 -> Dec-2024 | C96: =TEST_DATA!C96 -> 43904 | D96: =TEST_DATA!D96 -> NIL | E96: =TEST_DATA!E96 -> 1115 | F96: =MIN(E96*9600,10000) -> 10000 | G96: =_xludf.MINIFS(CBIC_Late_Fee_Relief_Windows_1!$I$96:$I$100,CBIC_Late_Fee_Relief_Windows_1!$D$96:$D$100,"<="&B96,CBIC_Late_Fee_Relief_Windows_1!$E$96:$E$100,">="&B96,CBIC_Late_Fee_Relief_Windows_1!$F$96:$F$100,"<="&C96,CBIC_Late_Fee_Relief_Windows_1!$G$96:$G$100,">="&C96,CBIC_Late_Fee_Relief_Windows_1!$H$96:$H$100,D96) -> #NAME? | H96: =MIN(F96,G96) -> #NAME? | I96: =INDEX(CBIC_Late_Fee_Relief_Windows_1!$B$96:$B$100,MATCH(G96,CBIC_Late_Fee_Relief_Windows_1!$I$96:$I$100,0)) -> #NAME?
A97: =TEST_DATA!A97 -> 27AAAAA0097Z5 | B97: =TEST_DATA!B97 -> Apr-2018 | C97: =TEST_DATA!C97 -> 44155 | D97: =TEST_DATA!D97 -> NIL | E97: =TEST_DATA!E97 -> 2939 | F97: =MIN(E97*9700,10000) -> 10000 | G97: =_xludf.MINIFS(CBIC_Late_Fee_Relief_Windows_1!$I$97:$I$100,CBIC_Late_Fee_Relief_Windows_1!$D$97:$D$100,"<="&B97,CBIC_Late_Fee_Relief_Windows_1!$E$97:$E$100,">="&B97,CBIC_Late_Fee_Relief_Windows_1!$F$97:$F$100,"<="&C97,CBIC_Late_Fee_Relief_Windows_1!$G$97:$G$100,">="&C97,CBIC_Late_Fee_Relief_Windows_1!$H$97:$H$100,D97) -> #NAME? | H97: =MIN(F97,G97) -> #NAME? | I97: =INDEX(CBIC_Late_Fee_Relief_Windows_1!$B$97:$B$100,MATCH(G97,CBIC_Late_Fee_Relief_Windows_1!$I$97:$I$100,0)) -> #NAME?
A98: =TEST_DATA!A98 -> 27AAAAA0098Z5 | B98: =TEST_DATA!B98 -> May-2018 | C98: =TEST_DATA!C98 -> 43333 | D98: =TEST_DATA!D98 -> NON-NIL | E98: =TEST_DATA!E98 -> 2070 | F98: =MIN(E98*9800,10000) -> 10000 | G98: =_xludf.MINIFS(CBIC_Late_Fee_Relief_Windows_1!$I$98:$I$100,CBIC_Late_Fee_Relief_Windows_1!$D$98:$D$100,"<="&B98,CBIC_Late_Fee_Relief_Windows_1!$E$98:$E$100,">="&B98,CBIC_Late_Fee_Relief_Windows_1!$F$98:$F$100,"<="&C98,CBIC_Late_Fee_Relief_Windows_1!$G$98:$G$100,">="&C98,CBIC_Late_Fee_Relief_Windows_1!$H$98:$H$100,D98) -> #NAME? | H98: =MIN(F98,G98) -> #NAME? | I98: =INDEX(CBIC_Late_Fee_Relief_Windows_1!$B$98:$B$100,MATCH(G98,CBIC_Late_Fee_Relief_Windows_1!$I$98:$I$100,0)) -> #NAME?
A99: =TEST_DATA!A99 -> 27AAAAA0099Z5 | B99: =TEST_DATA!B99 -> Jan-2019 | C99: =TEST_DATA!C99 -> 44494 | D99: =TEST_DATA!D99 -> NIL | E99: =TEST_DATA!E99 -> 378 | F99: =MIN(E99*9900,10000) -> 10000 | G99: =_xludf.MINIFS(CBIC_Late_Fee_Relief_Windows_1!$I$99:$I$100,CBIC_Late_Fee_Relief_Windows_1!$D$99:$D$100,"<="&B99,CBIC_Late_Fee_Relief_Windows_1!$E$99:$E$100,">="&B99,CBIC_Late_Fee_Relief_Windows_1!$F$99:$F$100,"<="&C99,CBIC_Late_Fee_Relief_Windows_1!$G$99:$G$100,">="&C99,CBIC_Late_Fee_Relief_Windows_1!$H$99:$H$100,D99) -> #NAME? | H99: =MIN(F99,G99) -> #NAME? | I99: =INDEX(CBIC_Late_Fee_Relief_Windows_1!$B$99:$B$100,MATCH(G99,CBIC_Late_Fee_Relief_Windows_1!$I$99:$I$100,0)) -> #NAME?
A100: =TEST_DATA!A100 -> 27AAAAA0100Z5 | B100: =TEST_DATA!B100 -> May-2020 | C100: =TEST_DATA!C100 -> 44698 | D100: =TEST_DATA!D100 -> NON-NIL | E100: =TEST_DATA!E100 -> 180 | F100: =MIN(E100*10000,10000) -> 10000 | G100: =_xludf.MINIFS(CBIC_Late_Fee_Relief_Windows_1!$I$100:$I$100,CBIC_Late_Fee_Relief_Windows_1!$D$100:$D$100,"<="&B100,CBIC_Late_Fee_Relief_Windows_1!$E$100:$E$100,">="&B100,CBIC_Late_Fee_Relief_Windows_1!$F$100:$F$100,"<="&C100,CBIC_Late_Fee_Relief_Windows_1!$G$100:$G$100,">="&C100,CBIC_Late_Fee_Relief_Windows_1!$H$100:$H$100,D100) -> #NAME? | H100: =MIN(F100,G100) -> #NAME? | I100: =INDEX(CBIC_Late_Fee_Relief_Windows_1!$B$100:$B$100,MATCH(G100,CBIC_Late_Fee_Relief_Windows_1!$I$100:$I$100,0)) -> #NAME?
...

Sheet TEST_DATA
A1: GSTIN | B1: Tax Period | C1: Filing Date | D1: Return Type | E1: Delay Days
A2: 27AAAAA0002Z5 | B2: May-2020 | C2: 44059 | D2: NIL | E2: 1126
A3: 27AAAAA0003Z5 | B3: Feb-2018 | C3: 43374 | D3: NIL | E3: 419
A4: 27AAAAA0004Z5 | B4: Jun-2020 | C4: 44009 | D4: NON-NIL | E4: 130
A5: 27AAAAA0005Z5 | B5: Jul-2017 | C5: 43108 | D5: NIL | E5: 952
A6: 27AAAAA0006Z5 | B6: Jun-2019 | C6: 43574 | D6: NIL | E6: 2932
A7: 27AAAAA0007Z5 | B7: May-2020 | C7: 44690 | D7: NIL | E7: 1839
A8: 27AAAAA0008Z5 | B8: Mar-2020 | C8: 44400 | D8: NIL | E8: 653
A9: 27AAAAA0009Z5 | B9: Jul-2020 | C9: 44696 | D9: NON-NIL | E9: 1138
A10: 27AAAAA0010Z5 | B10: Nov-2017 | C10: 43357 | D10: NON-NIL | E10: 418
A11: 27AAAAA0011Z5 | B11: Sep-2017 | C11: 43695 | D11: NIL | E11: 1470
A12: 27AAAAA0012Z5 | B12: Mar-2023 | C12: 44874 | D12: NON-NIL | E12: 177
A13: 27AAAAA0013Z5 | B13: Jan-2021 | C13: 45347 | D13: NIL | E13: 1550
... A15001: 27AAAAA15001Z5 | B15001: Apr-2021 | C15001: 44617 | D15001: NON-NIL | E15001: 2649

Sheet ASSERTIONS
A1: Assertion | B1: Formula | C1: Result
A2: Final Late Fee <= 10000 | B2: =COUNTIF(CALCULATOR!H2:H15001,">10000") -> 0 | C2: =IF(B2=0,"PASS","FAIL") -> PASS
A3: No blank Final Late Fee | B3: =COUNTBLANK(CALCULATOR!H2:H15001) -> 13002 | C3: =IF(B3=0,"PASS","FAIL") -> FAIL
A4: Normal Late Fee >= Final Late Fee | B4: =COUNTIF(CALCULATOR!H2:H15001,">"&CALCULATOR!F2:F15001) -> 0 | C4: =IF(B4=0,"PASS","FAIL") -> PASS
