Workbook

Sheet CBIC_Late_Fee_Relief_Windows_3B
A1: Relief Window ID | B1: Notification No | C1: Notification Date | D1: Relief Category | E1: Tax Period From | F1: Tax Period To | G1: Filing Date From | H1: Filing Date To | I1: Return Type | J1: Turnover Slab | K1: Max Late Fee Allowed | L1: Late Fee Nature | M1: SCN Defence Text | N1: Judicial Sensitivity | O1: Window Priority
A2: NIL_STRUCT_ALL | B2: Sec 47 CGST Act | C2: 01-07-2017 | D2: Structural | E2: Jul-2017 | F2: Jan-2026 | G2: 01-07-2017 | H2: 31-12-2099 | I2: NIL | J2: ALL | K2: 500 | L2: Cap | M2: Late fee restricted to ₹500 for NIL return under Section 47. | N2: Low | O2: 5
A3: C19_Mar-2020_NIL | B3: 52/2020-CT | C3: 24-06-2020 | D3: Cap | E3: Mar-2020 | F3: Mar-2020 | G3: 01-03-2020 | H3: 31-12-2020 | I3: NIL | J3: ALL | K3: 0 | L3: Waiver | M3: Late fee waived for NIL return under COVID-19 relief (52/2020-CT). | N3: Medium | O3: 6
A4: C19_Mar-2020_NON | B4: 52/2020-CT | C4: 24-06-2020 | D4: Cap | E4: Mar-2020 | F4: Mar-2020 | G4: 01-03-2020 | H4: 31-12-2020 | I4: NON-NIL | J4: ALL | K4: 1000 | L4: Cap | M4: Late fee capped at ₹1,000 under COVID-19 relief (52/2020-CT). | N4: Medium | O4: 6
A5: C19_Apr-2020_NIL | B5: 52/2020-CT | C5: 24-06-2020 | D5: Cap | E5: Apr-2020 | F5: Apr-2020 | G5: 01-03-2020 | H5: 31-12-2020 | I5: NIL | J5: ALL | K5: 0 | L5: Waiver | M5: Late fee waived for NIL return under COVID-19 relief (52/2020-CT). | N5: Medium | O5: 6
A6: C19_Apr-2020_NON | B6: 52/2020-CT | C6: 24-06-2020 | D6: Cap | E6: Apr-2020 | F6: Apr-2020 | G6: 01-03-2020 | H6: 31-12-2020 | I6: NON-NIL | J6: ALL | K6: 1000 | L6: Cap | M6: Late fee capped at ₹1,000 under COVID-19 relief (52/2020-CT). | N6: Medium | O6: 6
A7: C19_May-2020_NIL | B7: 52/2020-CT | C7: 24-06-2020 | D7: Cap | E7: May-2020 | F7: May-2020 | G7: 01-03-2020 | H7: 31-12-2020 | I7: NIL | J7: ALL | K7: 0 | L7: Waiver | M7: Late fee waived for NIL return under COVID-19 relief (52/2020-CT). | N7: Medium | O7: 6
A8: C19_May-2020_NON | B8: 52/2020-CT | C8: 24-06-2020 | D8: Cap | E8: May-2020 | F8: May-2020 | G8: 01-03-2020 | H8: 31-12-2020 | I8: NON-NIL | J8: ALL | K8: 1000 | L8: Cap | M8: Late fee capped at ₹1,000 under COVID-19 relief (52/2020-CT). | N8: Medium | O8: 6
A9: C19_Jun-2020_NIL | B9: 52/2020-CT | C9: 24-06-2020 | D9: Cap | E9: Jun-2020 | F9: Jun-2020 | G9: 01-03-2020 | H9: 31-12-2020 | I9: NIL | J9: ALL | K9: 0 | L9: Waiver | M9: Late fee waived for NIL return under COVID-19 relief (52/2020-CT). | N9: Medium | O9: 6
A10: C19_Jun-2020_NON | B10: 52/2020-CT | C10: 24-06-2020 | D10: Cap | E10: Jun-2020 | F10: Jun-2020 | G10: 01-03-2020 | H10: 31-12-2020 | I10: NON-NIL | J10: ALL | K10: 1000 | L10: Cap | M10: Late fee capped at ₹1,000 under COVID-19 relief (52/2020-CT). | N10: Medium | O10: 6
A11: C19_Jul-2020_NIL | B11: 52/2020-CT | C11: 24-06-2020 | D11: Cap | E11: Jul-2020 | F11: Jul-2020 | G11: 01-03-2020 | H11: 31-12-2020 | I11: NIL | J11: ALL | K11: 0 | L11: Waiver | M11: Late fee waived for NIL return under COVID-19 relief (52/2020-CT). | N11: Medium | O11: 6
A12: C19_Jul-2020_NON | B12: 52/2020-CT | C12: 24-06-2020 | D12: Cap | E12: Jul-2020 | F12: Jul-2020 | G12: 01-03-2020 | H12: 31-12-2020 | I12: NON-NIL | J12: ALL | K12: 1000 | L12: Cap | M12: Late fee capped at ₹1,000 under COVID-19 relief (52/2020-CT). | N12: Medium | O12: 6
A13: AMN_2018_FULL | B13: 76/2018-CT | C13: 31-12-2018 | D13: Amnesty | E13: Jul-2017 | F13: Sep-2018 | G13: 22-12-2018 | H13: 31-03-2019 | I13: ALL | J13: ALL | K13: 0 | L13: Waiver | M13: Late fee fully waived under Notification 76/2018-CT. | N13: Low | O13: 1
... A293: Apr-2021_LF06_LARGE | B293: 33/2021-CT | C293: 29-08-2021 | D293: Amnesty | E293: Apr-2021 | F293: Apr-2021 | G293: 01-09-2021 | H293: 30-11-2021 | I293: NON-NIL | J293: >5Cr | K293: 5000 | L293: Cap | M293: Late fee capped at ₹5,000 under extended amnesty (33/2021-CT). | N293: Low | O293: 1

Sheet Late_Fee_Calculator_3B
A1: GSTIN | B1: Tax Period | C1: Filing Date | D1: Return Type | E1: Aggregate Turnover | F1: Turnover Slab | G1: Delay Days | H1: Normal Late Fee | I1: Allowed Max Late Fee (Auto) | J1: Final Late Fee (Auto) | K1: Waiver Amount (Auto)
A2: =TEST_DATA!A2 | B2: =TEST_DATA!B2 | C2: =TEST_DATA!C2 | D2: =TEST_DATA!D2 | E2: =TEST_DATA!E2 | F2: =MIN(E2*200,10000) | G2: =MINIFS(CBIC_Late_Fee_Relief_Windows_3B!$O$2:$O$100,CBIC_Late_Fee_Relief_Windows_3B!$D$2:$D$100,"<="&B2,CBIC_Late_Fee_Relief_Windows_3B!$E$2:$E$100,">="&B2,CBIC_Late_Fee_Relief_Windows_3B!$F$2:$F$100,"<="&C2,CBIC_Late_Fee_Relief_Windows_3B!$G$2:$G$100,">="&C2) | H2: =INDEX(CBIC_Late_Fee_Relief_Windows_3B!$I$2:$I$100,MATCH(G2,CBIC_Late_Fee_Relief_Windows_3B!$O$2:$O$100,0)) | I2: =MIN(F2,H2) | J2: =MIN(H2,I2) | K2: =H2-J2
A3: =TEST_DATA!A3 | B3: =TEST_DATA!B3 | C3: =TEST_DATA!C3 | D3: =TEST_DATA!D3 | E3: =TEST_DATA!E3 | F3: =MIN(E3*300,10000) | G3: =MINIFS(CBIC_Late_Fee_Relief_Windows_3B!$O$3:$O$100,CBIC_Late_Fee_Relief_Windows_3B!$D$3:$D$100,"<="&B3,CBIC_Late_Fee_Relief_Windows_3B!$E$3:$E$100,">="&B3,CBIC_Late_Fee_Relief_Windows_3B!$F$3:$F$100,"<="&C3,CBIC_Late_Fee_Relief_Windows_3B!$G$3:$G$100,">="&C3) | H3: =INDEX(CBIC_Late_Fee_Relief_Windows_3B!$I$3:$I$100,MATCH(G3,CBIC_Late_Fee_Relief_Windows_3B!$O$3:$O$100,0)) | I3: =MIN(F3,H3)
A4: =TEST_DATA!A4 | B4: =TEST_DATA!B4 | C4: =TEST_DATA!C4 | D4: =TEST_DATA!D4 | E4: =TEST_DATA!E4 | F4: =MIN(E4*400,10000) | G4: =MINIFS(CBIC_Late_Fee_Relief_Windows_3B!$O$4:$O$100,CBIC_Late_Fee_Relief_Windows_3B!$D$4:$D$100,"<="&B4,CBIC_Late_Fee_Relief_Windows_3B!$E$4:$E$100,">="&B4,CBIC_Late_Fee_Relief_Windows_3B!$F$4:$F$100,"<="&C4,CBIC_Late_Fee_Relief_Windows_3B!$G$4:$G$100,">="&C4) | H4: =INDEX(CBIC_Late_Fee_Relief_Windows_3B!$I$4:$I$100,MATCH(G4,CBIC_Late_Fee_Relief_Windows_3B!$O$4:$O$100,0)) | I4: =MIN(F4,H4)
A5: =TEST_DATA!A5 | B5: =TEST_DATA!B5 | C5: =TEST_DATA!C5 | D5: =TEST_DATA!D5 | E5: =TEST_DATA!E5 | F5: =MIN(E5*500,10000) | G5: =MINIFS(CBIC_Late_Fee_Relief_Windows_3B!$O$5:$O$100,CBIC_Late_Fee_Relief_Windows_3B!$D$5:$D$100,"<="&B5,CBIC_Late_Fee_Relief_Windows_3B!$E$5:$E$100,">="&B5,CBIC_Late_Fee_Relief_Windows_3B!$F$5:$F$100,"<="&C5,CBIC_Late_Fee_Relief_Windows_3B!$G$5:$G$100,">="&C5) | H5: =INDEX(CBIC_Late_Fee_Relief_Windows_3B!$I$5:$I$100,MATCH(G5,CBIC_Late_Fee_Relief_Windows_3B!$O$5:$O$100,0)) | I5: =MIN(F5,H5)
A6: =TEST_DATA!A6 | B6: =TEST_DATA!B6 | C6: =TEST_DATA!C6 | D6: =TEST_DATA!D6 | E6: =TEST_DATA!E6 | F6: =MIN(E6*600,10000) | G6: =MINIFS(CBIC_Late_Fee_Relief_Windows_3B!$O$6:$O$100,CBIC_Late_Fee_Relief_Windows_3B!$D$6:$D$100,"<="&B6,CBIC_Late_Fee_Relief_Windows_3B!$E$6:$E$100,">="&B6,CBIC_Late_Fee_Relief_Windows_3B!$F$6:$F$100,"<="&C6,CBIC_Late_Fee_Relief_Windows_3B!$G$6:$G$100,">="&C6) | H6: =INDEX(CBIC_Late_Fee_Relief_Windows_3B!$I$6:$I$100,MATCH(G6,CBIC_Late_Fee_Relief_Windows_3B!$O$6:$O$100,0)) | I6: =MIN(F6,H6)
A7: =TEST_DATA!A7 | B7: =TEST_DATA!B7 | C7: =TEST_DATA!C7 | D7: =TEST_DATA!D7 | E7: =TEST_DATA!E7 | F7: =MIN(E7*700,10000) | G7: =MINIFS(CBIC_Late_Fee_Relief_Windows_3B!$O$7:$O$100,CBIC_Late_Fee_Relief_Windows_3B!$D$7:$D$100,"<="&B7,CBIC_Late_Fee_Relief_Windows_3B!$E$7:$E$100,">="&B7,CBIC_Late_Fee_Relief_Windows_3B!$F$7:$F$100,"<="&C7,CBIC_Late_Fee_Relief_Windows_3B!$G$7:$G$100,">="&C7) | H7: =INDEX(CBIC_Late_Fee_Relief_Windows_3B!$I$7:$I$100,MATCH(G7,CBIC_Late_Fee_Relief_Windows_3B!$O$7:$O$100,0)) | I7: =MIN(F7,H7)
A8: =TEST_DATA!A8 | B8: =TEST_DATA!B8 | C8: =TEST_DATA!C8 | D8: =TEST_DATA!D8 | E8: =TEST_DATA!E8 | F8: =MIN(E8*800,10000) | G8: =MINIFS(CBIC_Late_Fee_Relief_Windows_3B!$O$8:$O$100,CBIC_Late_Fee_Relief_Windows_3B!$D$8:$D$100,"<="&B8,CBIC_Late_Fee_Relief_Windows_3B!$E$8:$E$100,">="&B8,CBIC_Late_Fee_Relief_Windows_3B!$F$8:$F$100,"<="&C8,CBIC_Late_Fee_Relief_Windows_3B!$G$8:$G$100,">="&C8) | H8: =INDEX(CBIC_Late_Fee_Relief_Windows_3B!$I$8:$I$100,MATCH(G8,CBIC_Late_Fee_Relief_Windows_3B!$O$8:$O$100,0)) | I8: =MIN(F8,H8)
A9: =TEST_DATA!A9 | B9: =TEST_DATA!B9 | C9: =TEST_DATA!C9 | D9: =TEST_DATA!D9 | E9: =TEST_DATA!E9 | F9: =MIN(E9*900,10000) | G9: =MINIFS(CBIC_Late_Fee_Relief_Windows_3B!$O$9:$O$100,CBIC_Late_Fee_Relief_Windows_3B!$D$9:$D$100,"<="&B9,CBIC_Late_Fee_Relief_Windows_3B!$E$9:$E$100,">="&B9,CBIC_Late_Fee_Relief_Windows_3B!$F$9:$F$100,"<="&C9,CBIC_Late_Fee_Relief_Windows_3B!$G$9:$G$100,">="&C9) | H9: =INDEX(CBIC_Late_Fee_Relief_Windows_3B!$I$9:$I$100,MATCH(G9,CBIC_Late_Fee_Relief_Windows_3B!$O$9:$O$100,0)) | I9: =MIN(F9,H9)
A10: =TEST_DATA!A10 | B10: =TEST_DATA!B10 | C10: =TEST_DATA!C10 | D10: =TEST_DATA!D10 | E10: =TEST_DATA!E10 | F10: =MIN(E10*1000,10000) | G10: =MINIFS(CBIC_Late_Fee_Relief_Windows_3B!$O$10:$O$100,CBIC_Late_Fee_Relief_Windows_3B!$D$10:$D$100,"<="&B10,CBIC_Late_Fee_Relief_Windows_3B!$E$10:$E$100,">="&B10,CBIC_Late_Fee_Relief_Windows_3B!$F$10:$F$100,"<="&C10,CBIC_Late_Fee_Relief_Windows_3B!$G$10:$G$100,">="&C10) | H10: =INDEX(CBIC_Late_Fee_Relief_Windows_3B!$I$10:$I$100,MATCH(G10,CBIC_Late_Fee_Relief_Windows_3B!$O$10:$O$100,0)) | I10: =MIN(F10,H10)
A11: =TEST_DATA!A11 | B11: =TEST_DATA!B11 | C11: =TEST_DATA!C11 | D11: =TEST_DATA!D11 | E11: =TEST_DATA!E11 | F11: =MIN(E11*1100,10000) | G11: =MINIFS(CBIC_Late_Fee_Relief_Windows_3B!$O$11:$O$100,CBIC_Late_Fee_Relief_Windows_3B!$D$11:$D$100,"<="&B11,CBIC_Late_Fee_Relief_Windows_3B!$E$11:$E$100,">="&B11,CBIC_Late_Fee_Relief_Windows_3B!$F$11:$F$100,"<="&C11,CBIC_Late_Fee_Relief_Windows_3B!$G$11:$G$100,">="&C11) | H11: =INDEX(CBIC_Late_Fee_Relief_Windows_3B!$I$11:$I$100,MATCH(G11,CBIC_Late_Fee_Relief_Windows_3B!$O$11:$O$100,0)) | I11: =MIN(F11,H11)
A12: =TEST_DATA!A12 | B12: =TEST_DATA!B12 | C12: =TEST_DATA!C12 | D12: =TEST_DATA!D12 | E12: =TEST_DATA!E12 | F12: =MIN(E12*1200,10000) | G12: =MINIFS(CBIC_Late_Fee_Relief_Windows_3B!$O$12:$O$100,CBIC_Late_Fee_Relief_Windows_3B!$D$12:$D$100,"<="&B12,CBIC_Late_Fee_Relief_Windows_3B!$E$12:$E$100,">="&B12,CBIC_Late_Fee_Relief_Windows_3B!$F$12:$F$100,"<="&C12,CBIC_Late_Fee_Relief_Windows_3B!$G$12:$G$100,">="&C12) | H12: =INDEX(CBIC_Late_Fee_Relief_Windows_3B!$I$12:$I$100,MATCH(G12,CBIC_Late_Fee_Relief_Windows_3B!$O$12:$O$100,0)) | I12: =MIN(F12,H12)
A13: =TEST_DATA!A13 | B13: =TEST_DATA!B13 | C13: =TEST_DATA!C13 | D13: =TEST_DATA!D13 | E13: =TEST_DATA!E13 | F13: =MIN(E13*1300,10000) | G13: =MINIFS(CBIC_Late_Fee_Relief_Windows_3B!$O$13:$O$100,CBIC_Late_Fee_Relief_Windows_3B!$D$13:$D$100,"<="&B13,CBIC_Late_Fee_Relief_Windows_3B!$E$13:$E$100,">="&B13,CBIC_Late_Fee_Relief_Windows_3B!$F$13:$F$100,"<="&C13,CBIC_Late_Fee_Relief_Windows_3B!$G$13:$G$100,">="&C13) | H13: =INDEX(CBIC_Late_Fee_Relief_Windows_3B!$I$13:$I$100,MATCH(G13,CBIC_Late_Fee_Relief_Windows_3B!$O$13:$O$100,0)) | I13: =MIN(F13,H13)
A14: =TEST_DATA!A14 | B14: =TEST_DATA!B14 | C14: =TEST_DATA!C14 | D14: =TEST_DATA!D14 | E14: =TEST_DATA!E14 | F14: =MIN(E14*1400,10000) | G14: =MINIFS(CBIC_Late_Fee_Relief_Windows_3B!$O$14:$O$100,CBIC_Late_Fee_Relief_Windows_3B!$D$14:$D$100,"<="&B14,CBIC_Late_Fee_Relief_Windows_3B!$E$14:$E$100,">="&B14,CBIC_Late_Fee_Relief_Windows_3B!$F$14:$F$100,"<="&C14,CBIC_Late_Fee_Relief_Windows_3B!$G$14:$G$100,">="&C14) | H14: =INDEX(CBIC_Late_Fee_Relief_Windows_3B!$I$14:$I$100,MATCH(G14,CBIC_Late_Fee_Relief_Windows_3B!$O$14:$O$100,0)) | I14: =MIN(F14,H14)
A15: =TEST_DATA!A15 | B15: =TEST_DATA!B15 | C15: =TEST_DATA!C15 | D15: =TEST_DATA!D15 | E15: =TEST_DATA!E15 | F15: =MIN(E15*1500,10000) | G15: =MINIFS(CBIC_Late_Fee_Relief_Windows_3B!$O$15:$O$100,CBIC_Late_Fee_Relief_Windows_3B!$D$15:$D$100,"<="&B15,CBIC_Late_Fee_Relief_Windows_3B!$E$15:$E$100,">="&B15,CBIC_Late_Fee_Relief_Windows_3B!$F$15:$F$100,"<="&C15,CBIC_Late_Fee_Relief_Windows_3B!$G$15:$G$100,">="&C15) | H15: =INDEX(CBIC_Late_Fee_Relief_Windows_3B!$I$15:$I$100,MATCH(G15,CBIC_Late_Fee_Relief_Windows_3B!$O$15:$O$100,0)) | I15: =MIN(F15,H15)
A16: =TEST_DATA!A16 | B16: =TEST_DATA!B16 | C16: =TEST_DATA!C16 | D16: =TEST_DATA!D16 | E16: =TEST_DATA!E16 | F16: =MIN(E16*1600,10000) | G16: =MINIFS(CBIC_Late_Fee_Relief_Windows_3B!$O$16:$O$100,CBIC_Late_Fee_Relief_Windows_3B!$D$16:$D$100,"<="&B16,CBIC_Late_Fee_Relief_Windows_3B!$E$16:$E$100,">="&B16,CBIC_Late_Fee_Relief_Windows_3B!$F$16:$F$100,"<="&C16,CBIC_Late_Fee_Relief_Windows_3B!$G$16:$G$100,">="&C16) | H16: =INDEX(CBIC_Late_Fee_Relief_Windows_3B!$I$16:$I$100,MATCH(G16,CBIC_Late_Fee_Relief_Windows_3B!$O$16:$O$100,0)) | I16: =MIN(F16,H16)
A17: =TEST_DATA!A17 | B17: =TEST_DATA!B17 | C17: =TEST_DATA!C17 | D17: =TEST_DATA!D17 | E17: =TEST_DATA!E17 | F17: =MIN(E17*1700,10000) | G17: =MINIFS(CBIC_Late_Fee_Relief_Windows_3B!$O$17:$O$100,CBIC_Late_Fee_Relief_Windows_3B!$D$17:$D$100,"<="&B17,CBIC_Late_Fee_Relief_Windows_3B!$E$17:$E$100,">="&B17,CBIC_Late_Fee_Relief_Windows_3B!$F$17:$F$100,"<="&C17,CBIC_Late_Fee_Relief_Windows_3B!$G$17:$G$100,">="&C17) | H17: =INDEX(CBIC_Late_Fee_Relief_Windows_3B!$I$17:$I$100,MATCH(G17,CBIC_Late_Fee_Relief_Windows_3B!$O$17:$O$100,0)) | I17: =MIN(F17,H17)
A18: =TEST_DATA!A18 | B18: =TEST_DATA!B18 | C18: =TEST_DATA!C18 | D18: =TEST_DATA!D18 | E18: =TEST_DATA!E18 | F18: =MIN(E18*1800,10000) | G18: =MINIFS(CBIC_Late_Fee_Relief_Windows_3B!$O$18:$O$100,CBIC_Late_Fee_Relief_Windows_3B!$D$18:$D$100,"<="&B18,CBIC_Late_Fee_Relief_Windows_3B!$E$18:$E$100,">="&B18,CBIC_Late_Fee_Relief_Windows_3B!$F$18:$F$100,"<="&C18,CBIC_Late_Fee_Relief_Windows_3B!$G$18:$G$100,">="&C18) | H18: =INDEX(CBIC_Late_Fee_Relief_Windows_3B!$I$18:$I$100,MATCH(G18,CBIC_Late_Fee_Relief_Windows_3B!$O$18:$O$100,0)) | I18: =MIN(F18,H18)
A19: =TEST_DATA!A19 | B19: =TEST_DATA!B19 | C19: =TEST_DATA!C19 | D19: =TEST_DATA!D19 | E19: =TEST_DATA!E19 | F19: =MIN(E19*1900,10000) | G19: =MINIFS(CBIC_Late_Fee_Relief_Windows_3B!$O$19:$O$100,CBIC_Late_Fee_Relief_Windows_3B!$D$19:$D$100,"<="&B19,CBIC_Late_Fee_Relief_Windows_3B!$E$19:$E$100,">="&B19,CBIC_Late_Fee_Relief_Windows_3B!$F$19:$F$100,"<="&C19,CBIC_Late_Fee_Relief_Windows_3B!$G$19:$G$100,">="&C19) | H19: =INDEX(CBIC_Late_Fee_Relief_Windows_3B!$I$19:$I$100,MATCH(G19,CBIC_Late_Fee_Relief_Windows_3B!$O$19:$O$100,0)) | I19: =MIN(F19,H19)
A20: =TEST_DATA!A20 | B20: =TEST_DATA!B20 | C20: =TEST_DATA!C20 | D20: =TEST_DATA!D20 | E20: =TEST_DATA!E20 | F20: =MIN(E20*2000,10000) | G20: =MINIFS(CBIC_Late_Fee_Relief_Windows_3B!$O$20:$O$100,CBIC_Late_Fee_Relief_Windows_3B!$D$20:$D$100,"<="&B20,CBIC_Late_Fee_Relief_Windows_3B!$E$20:$E$100,">="&B20,CBIC_Late_Fee_Relief_Windows_3B!$F$20:$F$100,"<="&C20,CBIC_Late_Fee_Relief_Windows_3B!$G$20:$G$100,">="&C20) | H20: =INDEX(CBIC_Late_Fee_Relief_Windows_3B!$I$20:$I$100,MATCH(G20,CBIC_Late_Fee_Relief_Windows_3B!$O$20:$O$100,0)) | I20: =MIN(F20,H20)
A21: =TEST_DATA!A21 | B21: =TEST_DATA!B21 | C21: =TEST_DATA!C21 | D21: =TEST_DATA!D21 | E21: =TEST_DATA!E21 | F21: =MIN(E21*2100,10000) | G21: =MINIFS(CBIC_Late_Fee_Relief_Windows_3B!$O$21:$O$100,CBIC_Late_Fee_Relief_Windows_3B!$D$21:$D$100,"<="&B21,CBIC_Late_Fee_Relief_Windows_3B!$E$21:$E$100,">="&B21,CBIC_Late_Fee_Relief_Windows_3B!$F$21:$F$100,"<="&C21,CBIC_Late_Fee_Relief_Windows_3B!$G$21:$G$100,">="&C21) | H21: =INDEX(CBIC_Late_Fee_Relief_Windows_3B!$I$21:$I$100,MATCH(G21,CBIC_Late_Fee_Relief_Windows_3B!$O$21:$O$100,0)) | I21: =MIN(F21,H21)
A22: =TEST_DATA!A22 | B22: =TEST_DATA!B22 | C22: =TEST_DATA!C22 | D22: =TEST_DATA!D22 | E22: =TEST_DATA!E22 | F22: =MIN(E22*2200,10000) | G22: =MINIFS(CBIC_Late_Fee_Relief_Windows_3B!$O$22:$O$100,CBIC_Late_Fee_Relief_Windows_3B!$D$22:$D$100,"<="&B22,CBIC_Late_Fee_Relief_Windows_3B!$E$22:$E$100,">="&B22,CBIC_Late_Fee_Relief_Windows_3B!$F$22:$F$100,"<="&C22,CBIC_Late_Fee_Relief_Windows_3B!$G$22:$G$100,">="&C22) | H22: =INDEX(CBIC_Late_Fee_Relief_Windows_3B!$I$22:$I$100,MATCH(G22,CBIC_Late_Fee_Relief_Windows_3B!$O$22:$O$100,0)) | I22: =MIN(F22,H22)
A23: =TEST_DATA!A23 | B23: =TEST_DATA!B23 | C23: =TEST_DATA!C23 | D23: =TEST_DATA!D23 | E23: =TEST_DATA!E23 | F23: =MIN(E23*2300,10000) | G23: =MINIFS(CBIC_Late_Fee_Relief_Windows_3B!$O$23:$O$100,CBIC_Late_Fee_Relief_Windows_3B!$D$23:$D$100,"<="&B23,CBIC_Late_Fee_Relief_Windows_3B!$E$23:$E$100,">="&B23,CBIC_Late_Fee_Relief_Windows_3B!$F$23:$F$100,"<="&C23,CBIC_Late_Fee_Relief_Windows_3B!$G$23:$G$100,">="&C23) | H23: =INDEX(CBIC_Late_Fee_Relief_Windows_3B!$I$23:$I$100,MATCH(G23,CBIC_Late_Fee_Relief_Windows_3B!$O$23:$O$100,0)) | I23: =MIN(F23,H23)
A24: =TEST_DATA!A24 | B24: =TEST_DATA!B24 | C24: =TEST_DATA!C24 | D24: =TEST_DATA!D24 | E24: =TEST_DATA!E24 | F24: =MIN(E24*2400,10000) | G24: =MINIFS(CBIC_Late_Fee_Relief_Windows_3B!$O$24:$O$100,CBIC_Late_Fee_Relief_Windows_3B!$D$24:$D$100,"<="&B24,CBIC_Late_Fee_Relief_Windows_3B!$E$24:$E$100,">="&B24,CBIC_Late_Fee_Relief_Windows_3B!$F$24:$F$100,"<="&C24,CBIC_Late_Fee_Relief_Windows_3B!$G$24:$G$100,">="&C24) | H24: =INDEX(CBIC_Late_Fee_Relief_Windows_3B!$I$24:$I$100,MATCH(G24,CBIC_Late_Fee_Relief_Windows_3B!$O$24:$O$100,0)) | I24: =MIN(F24,H24)
A25: =TEST_DATA!A25 | B25: =TEST_DATA!B25 | C25: =TEST_DATA!C25 | D25: =TEST_DATA!D25 | E25: =TEST_DATA!E25 | F25: =MIN(E25*2500,10000) | G25: =MINIFS(CBIC_Late_Fee_Relief_Windows_3B!$O$25:$O$100,CBIC_Late_Fee_Relief_Windows_3B!$D$25:$D$100,"<="&B25,CBIC_Late_Fee_Relief_Windows_3B!$E$25:$E$100,">="&B25,CBIC_Late_Fee_Relief_Windows_3B!$F$25:$F$100,"<="&C25,CBIC_Late_Fee_Relief_Windows_3B!$G$25:$G$100,">="&C25) | H25: =INDEX(CBIC_Late_Fee_Relief_Windows_3B!$I$25:$I$100,MATCH(G25,CBIC_Late_Fee_Relief_Windows_3B!$O$25:$O$100,0)) | I25: =MIN(F25,H25)
A26: =TEST_DATA!A26 | B26: =TEST_DATA!B26 | C26: =TEST_DATA!C26 | D26: =TEST_DATA!D26 | E26: =TEST_DATA!E26 | F26: =MIN(E26*2600,10000) | G26: =MINIFS(CBIC_Late_Fee_Relief_Windows_3B!$O$26:$O$100,CBIC_Late_Fee_Relief_Windows_3B!$D$26:$D$100,"<="&B26,CBIC_Late_Fee_Relief_Windows_3B!$E$26:$E$100,">="&B26,CBIC_Late_Fee_Relief_Windows_3B!$F$26:$F$100,"<="&C26,CBIC_Late_Fee_Relief_Windows_3B!$G$26:$G$100,">="&C26) | H26: =INDEX(CBIC_Late_Fee_Relief_Windows_3B!$I$26:$I$100,MATCH(G26,CBIC_Late_Fee_Relief_Windows_3B!$O$26:$O$100,0)) | I26: =MIN(F26,H26)
A27: =TEST_DATA!A27 | B27: =TEST_DATA!B27 | C27: =TEST_DATA!C27 | D27: =TEST_DATA!D27 | E27: =TEST_DATA!E27 | F27: =MIN(E27*2700,10000) | G27: =MINIFS(CBIC_Late_Fee_Relief_Windows_3B!$O$27:$O$100,CBIC_Late_Fee_Relief_Windows_3B!$D$27:$D$100,"<="&B27,CBIC_Late_Fee_Relief_Windows_3B!$E$27:$E$100,">="&B27,CBIC_Late_Fee_Relief_Windows_3B!$F$27:$F$100,"<="&C27,CBIC_Late_Fee_Relief_Windows_3B!$G$27:$G$100,">="&C27) | H27: =INDEX(CBIC_Late_Fee_Relief_Windows_3B!$I$27:$I$100,MATCH(G27,CBIC_Late_Fee_Relief_Windows_3B!$O$27:$O$100,0)) | I27: =MIN(F27,H27)
A28: =TEST_DATA!A28 | B28: =TEST_DATA!B28 | C28: =TEST_DATA!C28 | D28: =TEST_DATA!D28 | E28: =TEST_DATA!E28 | F28: =MIN(E28*2800,10000) | G28: =MINIFS(CBIC_Late_Fee_Relief_Windows_3B!$O$28:$O$100,CBIC_Late_Fee_Relief_Windows_3B!$D$28:$D$100,"<="&B28,CBIC_Late_Fee_Relief_Windows_3B!$E$28:$E$100,">="&B28,CBIC_Late_Fee_Relief_Windows_3B!$F$28:$F$100,"<="&C28,CBIC_Late_Fee_Relief_Windows_3B!$G$28:$G$100,">="&C28) | H28: =INDEX(CBIC_Late_Fee_Relief_Windows_3B!$I$28:$I$100,MATCH(G28,CBIC_Late_Fee_Relief_Windows_3B!$O$28:$O$100,0)) | I28: =MIN(F28,H28)
A29: =TEST_DATA!A29 | B29: =TEST_DATA!B29 | C29: =TEST_DATA!C29 | D29: =TEST_DATA!D29 | E29: =TEST_DATA!E29 | F29: =MIN(E29*2900,10000) | G29: =MINIFS(CBIC_Late_Fee_Relief_Windows_3B!$O$29:$O$100,CBIC_Late_Fee_Relief_Windows_3B!$D$29:$D$100,"<="&B29,CBIC_Late_Fee_Relief_Windows_3B!$E$29:$E$100,">="&B29,CBIC_Late_Fee_Relief_Windows_3B!$F$29:$F$100,"<="&C29,CBIC_Late_Fee_Relief_Windows_3B!$G$29:$G$100,">="&C29) | H29: =INDEX(CBIC_Late_Fee_Relief_Windows_3B!$I$29:$I$100,MATCH(G29,CBIC_Late_Fee_Relief_Windows_3B!$O$29:$O$100,0)) | I29: =MIN(F29,H29)
A30: =TEST_DATA!A30 | B30: =TEST_DATA!B30 | C30: =TEST_DATA!C30 | D30: =TEST_DATA!D30 | E30: =TEST_DATA!E30 | F30: =MIN(E30*3000,10000) | G30: =MINIFS(CBIC_Late_Fee_Relief_Windows_3B!$O$30:$O$100,CBIC_Late_Fee_Relief_Windows_3B!$D$30:$D$100,"<="&B30,CBIC_Late_Fee_Relief_Windows_3B!$E$30:$E$100,">="&B30,CBIC_Late_Fee_Relief_Windows_3B!$F$30:$F$100,"<="&C30,CBIC_Late_Fee_Relief_Windows_3B!$G$30:$G$100,">="&C30) | H30: =INDEX(CBIC_Late_Fee_Relief_Windows_3B!$I$30:$I$100,MATCH(G30,CBIC_Late_Fee_Relief_Windows_3B!$O$30:$O$100,0)) | I30: =MIN(F30,H30)
A31: =TEST_DATA!A31 | B31: =TEST_DATA!B31 | C31: =TEST_DATA!C31 | D31: =TEST_DATA!D31 | E31: =TEST_DATA!E31 | F31: =MIN(E31*3100,10000) | G31: =MINIFS(CBIC_Late_Fee_Relief_Windows_3B!$O$31:$O$100,CBIC_Late_Fee_Relief_Windows_3B!$D$31:$D$100,"<="&B31,CBIC_Late_Fee_Relief_Windows_3B!$E$31:$E$100,">="&B31,CBIC_Late_Fee_Relief_Windows_3B!$F$31:$F$100,"<="&C31,CBIC_Late_Fee_Relief_Windows_3B!$G$31:$G$100,">="&C31) | H31: =INDEX(CBIC_Late_Fee_Relief_Windows_3B!$I$31:$I$100,MATCH(G31,CBIC_Late_Fee_Relief_Windows_3B!$O$31:$O$100,0)) | I31: =MIN(F31,H31)
A32: =TEST_DATA!A32 | B32: =TEST_DATA!B32 | C32: =TEST_DATA!C32 | D32: =TEST_DATA!D32 | E32: =TEST_DATA!E32 | F32: =MIN(E32*3200,10000) | G32: =MINIFS(CBIC_Late_Fee_Relief_Windows_3B!$O$32:$O$100,CBIC_Late_Fee_Relief_Windows_3B!$D$32:$D$100,"<="&B32,CBIC_Late_Fee_Relief_Windows_3B!$E$32:$E$100,">="&B32,CBIC_Late_Fee_Relief_Windows_3B!$F$32:$F$100,"<="&C32,CBIC_Late_Fee_Relief_Windows_3B!$G$32:$G$100,">="&C32) | H32: =INDEX(CBIC_Late_Fee_Relief_Windows_3B!$I$32:$I$100,MATCH(G32,CBIC_Late_Fee_Relief_Windows_3B!$O$32:$O$100,0)) | I32: =MIN(F32,H32)
A33: =TEST_DATA!A33 | B33: =TEST_DATA!B33 | C33: =TEST_DATA!C33 | D33: =TEST_DATA!D33 | E33: =TEST_DATA!E33 | F33: =MIN(E33*3300,10000) | G33: =MINIFS(CBIC_Late_Fee_Relief_Windows_3B!$O$33:$O$100,CBIC_Late_Fee_Relief_Windows_3B!$D$33:$D$100,"<="&B33,CBIC_Late_Fee_Relief_Windows_3B!$E$33:$E$100,">="&B33,CBIC_Late_Fee_Relief_Windows_3B!$F$33:$F$100,"<="&C33,CBIC_Late_Fee_Relief_Windows_3B!$G$33:$G$100,">="&C33) | H33: =INDEX(CBIC_Late_Fee_Relief_Windows_3B!$I$33:$I$100,MATCH(G33,CBIC_Late_Fee_Relief_Windows_3B!$O$33:$O$100,0)) | I33: =MIN(F33,H33)
A34: =TEST_DATA!A34 | B34: =TEST_DATA!B34 | C34: =TEST_DATA!C34 | D34: =TEST_DATA!D34 | E34: =TEST_DATA!E34 | F34: =MIN(E34*3400,10000) | G34: =MINIFS(CBIC_Late_Fee_Relief_Windows_3B!$O$34:$O$100,CBIC_Late_Fee_Relief_Windows_3B!$D$34:$D$100,"<="&B34,CBIC_Late_Fee_Relief_Windows_3B!$E$34:$E$100,">="&B34,CBIC_Late_Fee_Relief_Windows_3B!$F$34:$F$100,"<="&C34,CBIC_Late_Fee_Relief_Windows_3B!$G$34:$G$100,">="&C34) | H34: =INDEX(CBIC_Late_Fee_Relief_Windows_3B!$I$34:$I$100,MATCH(G34,CBIC_Late_Fee_Relief_Windows_3B!$O$34:$O$100,0)) | I34: =MIN(F34,H34)
A35: =TEST_DATA!A35 | B35: =TEST_DATA!B35 | C35: =TEST_DATA!C35 | D35: =TEST_DATA!D35 | E35: =TEST_DATA!E35 | F35: =MIN(E35*3500,10000) | G35: =MINIFS(CBIC_Late_Fee_Relief_Windows_3B!$O$35:$O$100,CBIC_Late_Fee_Relief_Windows_3B!$D$35:$D$100,"<="&B35,CBIC_Late_Fee_Relief_Windows_3B!$E$35:$E$100,">="&B35,CBIC_Late_Fee_Relief_Windows_3B!$F$35:$F$100,"<="&C35,CBIC_Late_Fee_Relief_Windows_3B!$G$35:$G$100,">="&C35) | H35: =INDEX(CBIC_Late_Fee_Relief_Windows_3B!$I$35:$I$100,MATCH(G35,CBIC_Late_Fee_Relief_Windows_3B!$O$35:$O$100,0)) | I35: =MIN(F35,H35)
A36: =TEST_DATA!A36 | B36: =TEST_DATA!B36 | C36: =TEST_DATA!C36 | D36: =TEST_DATA!D36 | E36: =TEST_DATA!E36 | F36: =MIN(E36*3600,10000) | G36: =MINIFS(CBIC_Late_Fee_Relief_Windows_3B!$O$36:$O$100,CBIC_Late_Fee_Relief_Windows_3B!$D$36:$D$100,"<="&B36,CBIC_Late_Fee_Relief_Windows_3B!$E$36:$E$100,">="&B36,CBIC_Late_Fee_Relief_Windows_3B!$F$36:$F$100,"<="&C36,CBIC_Late_Fee_Relief_Windows_3B!$G$36:$G$100,">="&C36) | H36: =INDEX(CBIC_Late_Fee_Relief_Windows_3B!$I$36:$I$100,MATCH(G36,CBIC_Late_Fee_Relief_Windows_3B!$O$36:$O$100,0)) | I36: =MIN(F36,H36)
A37: =TEST_DATA!A37 | B37: =TEST_DATA!B37 | C37: =TEST_DATA!C37 | D37: =TEST_DATA!D37 | E37: =TEST_DATA!E37 | F37: =MIN(E37*3700,10000) | G37: =MINIFS(CBIC_Late_Fee_Relief_Windows_3B!$O$37:$O$100,CBIC_Late_Fee_Relief_Windows_3B!$D$37:$D$100,"<="&B37,CBIC_Late_Fee_Relief_Windows_3B!$E$37:$E$100,">="&B37,CBIC_Late_Fee_Relief_Windows_3B!$F$37:$F$100,"<="&C37,CBIC_Late_Fee_Relief_Windows_3B!$G$37:$G$100,">="&C37) | H37: =INDEX(CBIC_Late_Fee_Relief_Windows_3B!$I$37:$I$100,MATCH(G37,CBIC_Late_Fee_Relief_Windows_3B!$O$37:$O$100,0)) | I37: =MIN(F37,H37)
A38: =TEST_DATA!A38 | B38: =TEST_DATA!B38 | C38: =TEST_DATA!C38 | D38: =TEST_DATA!D38 | E38: =TEST_DATA!E38 | F38: =MIN(E38*3800,10000) | G38: =MINIFS(CBIC_Late_Fee_Relief_Windows_3B!$O$38:$O$100,CBIC_Late_Fee_Relief_Windows_3B!$D$38:$D$100,"<="&B38,CBIC_Late_Fee_Relief_Windows_3B!$E$38:$E$100,">="&B38,CBIC_Late_Fee_Relief_Windows_3B!$F$38:$F$100,"<="&C38,CBIC_Late_Fee_Relief_Windows_3B!$G$38:$G$100,">="&C38) | H38: =INDEX(CBIC_Late_Fee_Relief_Windows_3B!$I$38:$I$100,MATCH(G38,CBIC_Late_Fee_Relief_Windows_3B!$O$38:$O$100,0)) | I38: =MIN(F38,H38)
A39: =TEST_DATA!A39 | B39: =TEST_DATA!B39 | C39: =TEST_DATA!C39 | D39: =TEST_DATA!D39 | E39: =TEST_DATA!E39 | F39: =MIN(E39*3900,10000) | G39: =MINIFS(CBIC_Late_Fee_Relief_Windows_3B!$O$39:$O$100,CBIC_Late_Fee_Relief_Windows_3B!$D$39:$D$100,"<="&B39,CBIC_Late_Fee_Relief_Windows_3B!$E$39:$E$100,">="&B39,CBIC_Late_Fee_Relief_Windows_3B!$F$39:$F$100,"<="&C39,CBIC_Late_Fee_Relief_Windows_3B!$G$39:$G$100,">="&C39) | H39: =INDEX(CBIC_Late_Fee_Relief_Windows_3B!$I$39:$I$100,MATCH(G39,CBIC_Late_Fee_Relief_Windows_3B!$O$39:$O$100,0)) | I39: =MIN(F39,H39)
A40: =TEST_DATA!A40 | B40: =TEST_DATA!B40 | C40: =TEST_DATA!C40 | D40: =TEST_DATA!D40 | E40: =TEST_DATA!E40 | F40: =MIN(E40*4000,10000) | G40: =MINIFS(CBIC_Late_Fee_Relief_Windows_3B!$O$40:$O$100,CBIC_Late_Fee_Relief_Windows_3B!$D$40:$D$100,"<="&B40,CBIC_Late_Fee_Relief_Windows_3B!$E$40:$E$100,">="&B40,CBIC_Late_Fee_Relief_Windows_3B!$F$40:$F$100,"<="&C40,CBIC_Late_Fee_Relief_Windows_3B!$G$40:$G$100,">="&C40) | H40: =INDEX(CBIC_Late_Fee_Relief_Windows_3B!$I$40:$I$100,MATCH(G40,CBIC_Late_Fee_Relief_Windows_3B!$O$40:$O$100,0)) | I40: =MIN(F40,H40)
A41: =TEST_DATA!A41 | B41: =TEST_DATA!B41 | C41: =TEST_DATA!C41 | D41: =TEST_DATA!D41 | E41: =TEST_DATA!E41 | F41: =MIN(E41*4100,10000) | G41: =MINIFS(CBIC_Late_Fee_Relief_Windows_3B!$O$41:$O$100,CBIC_Late_Fee_Relief_Windows_3B!$D$41:$D$100,"<="&B41,CBIC_Late_Fee_Relief_Windows_3B!$E$41:$E$100,">="&B41,CBIC_Late_Fee_Relief_Windows_3B!$F$41:$F$100,"<="&C41,CBIC_Late_Fee_Relief_Windows_3B!$G$41:$G$100,">="&C41) | H41: =INDEX(CBIC_Late_Fee_Relief_Windows_3B!$I$41:$I$100,MATCH(G41,CBIC_Late_Fee_Relief_Windows_3B!$O$41:$O$100,0)) | I41: =MIN(F41,H41)
A42: =TEST_DATA!A42 | B42: =TEST_DATA!B42 | C42: =TEST_DATA!C42 | D42: =TEST_DATA!D42 | E42: =TEST_DATA!E42 | F42: =MIN(E42*4200,10000) | G42: =MINIFS(CBIC_Late_Fee_Relief_Windows_3B!$O$42:$O$100,CBIC_Late_Fee_Relief_Windows_3B!$D$42:$D$100,"<="&B42,CBIC_Late_Fee_Relief_Windows_3B!$E$42:$E$100,">="&B42,CBIC_Late_Fee_Relief_Windows_3B!$F$42:$F$100,"<="&C42,CBIC_Late_Fee_Relief_Windows_3B!$G$42:$G$100,">="&C42) | H42: =INDEX(CBIC_Late_Fee_Relief_Windows_3B!$I$42:$I$100,MATCH(G42,CBIC_Late_Fee_Relief_Windows_3B!$O$42:$O$100,0)) | I42: =MIN(F42,H42)
A43: =TEST_DATA!A43 | B43: =TEST_DATA!B43 | C43: =TEST_DATA!C43 | D43: =TEST_DATA!D43 | E43: =TEST_DATA!E43 | F43: =MIN(E43*4300,10000) | G43: =MINIFS(CBIC_Late_Fee_Relief_Windows_3B!$O$43:$O$100,CBIC_Late_Fee_Relief_Windows_3B!$D$43:$D$100,"<="&B43,CBIC_Late_Fee_Relief_Windows_3B!$E$43:$E$100,">="&B43,CBIC_Late_Fee_Relief_Windows_3B!$F$43:$F$100,"<="&C43,CBIC_Late_Fee_Relief_Windows_3B!$G$43:$G$100,">="&C43) | H43: =INDEX(CBIC_Late_Fee_Relief_Windows_3B!$I$43:$I$100,MATCH(G43,CBIC_Late_Fee_Relief_Windows_3B!$O$43:$O$100,0)) | I43: =MIN(F43,H43)
A44: =TEST_DATA!A44 | B44: =TEST_DATA!B44 | C44: =TEST_DATA!C44 | D44: =TEST_DATA!D44 | E44: =TEST_DATA!E44 | F44: =MIN(E44*4400,10000) | G44: =MINIFS(CBIC_Late_Fee_Relief_Windows_3B!$O$44:$O$100,CBIC_Late_Fee_Relief_Windows_3B!$D$44:$D$100,"<="&B44,CBIC_Late_Fee_Relief_Windows_3B!$E$44:$E$100,">="&B44,CBIC_Late_Fee_Relief_Windows_3B!$F$44:$F$100,"<="&C44,CBIC_Late_Fee_Relief_Windows_3B!$G$44:$G$100,">="&C44) | H44: =INDEX(CBIC_Late_Fee_Relief_Windows_3B!$I$44:$I$100,MATCH(G44,CBIC_Late_Fee_Relief_Windows_3B!$O$44:$O$100,0)) | I44: =MIN(F44,H44)
A45: =TEST_DATA!A45 | B45: =TEST_DATA!B45 | C45: =TEST_DATA!C45 | D45: =TEST_DATA!D45 | E45: =TEST_DATA!E45 | F45: =MIN(E45*4500,10000) | G45: =MINIFS(CBIC_Late_Fee_Relief_Windows_3B!$O$45:$O$100,CBIC_Late_Fee_Relief_Windows_3B!$D$45:$D$100,"<="&B45,CBIC_Late_Fee_Relief_Windows_3B!$E$45:$E$100,">="&B45,CBIC_Late_Fee_Relief_Windows_3B!$F$45:$F$100,"<="&C45,CBIC_Late_Fee_Relief_Windows_3B!$G$45:$G$100,">="&C45) | H45: =INDEX(CBIC_Late_Fee_Relief_Windows_3B!$I$45:$I$100,MATCH(G45,CBIC_Late_Fee_Relief_Windows_3B!$O$45:$O$100,0)) | I45: =MIN(F45,H45)
A46: =TEST_DATA!A46 | B46: =TEST_DATA!B46 | C46: =TEST_DATA!C46 | D46: =TEST_DATA!D46 | E46: =TEST_DATA!E46 | F46: =MIN(E46*4600,10000) | G46: =MINIFS(CBIC_Late_Fee_Relief_Windows_3B!$O$46:$O$100,CBIC_Late_Fee_Relief_Windows_3B!$D$46:$D$100,"<="&B46,CBIC_Late_Fee_Relief_Windows_3B!$E$46:$E$100,">="&B46,CBIC_Late_Fee_Relief_Windows_3B!$F$46:$F$100,"<="&C46,CBIC_Late_Fee_Relief_Windows_3B!$G$46:$G$100,">="&C46) | H46: =INDEX(CBIC_Late_Fee_Relief_Windows_3B!$I$46:$I$100,MATCH(G46,CBIC_Late_Fee_Relief_Windows_3B!$O$46:$O$100,0)) | I46: =MIN(F46,H46)
A47: =TEST_DATA!A47 | B47: =TEST_DATA!B47 | C47: =TEST_DATA!C47 | D47: =TEST_DATA!D47 | E47: =TEST_DATA!E47 | F47: =MIN(E47*4700,10000) | G47: =MINIFS(CBIC_Late_Fee_Relief_Windows_3B!$O$47:$O$100,CBIC_Late_Fee_Relief_Windows_3B!$D$47:$D$100,"<="&B47,CBIC_Late_Fee_Relief_Windows_3B!$E$47:$E$100,">="&B47,CBIC_Late_Fee_Relief_Windows_3B!$F$47:$F$100,"<="&C47,CBIC_Late_Fee_Relief_Windows_3B!$G$47:$G$100,">="&C47) | H47: =INDEX(CBIC_Late_Fee_Relief_Windows_3B!$I$47:$I$100,MATCH(G47,CBIC_Late_Fee_Relief_Windows_3B!$O$47:$O$100,0)) | I47: =MIN(F47,H47)
A48: =TEST_DATA!A48 | B48: =TEST_DATA!B48 | C48: =TEST_DATA!C48 | D48: =TEST_DATA!D48 | E48: =TEST_DATA!E48 | F48: =MIN(E48*4800,10000) | G48: =MINIFS(CBIC_Late_Fee_Relief_Windows_3B!$O$48:$O$100,CBIC_Late_Fee_Relief_Windows_3B!$D$48:$D$100,"<="&B48,CBIC_Late_Fee_Relief_Windows_3B!$E$48:$E$100,">="&B48,CBIC_Late_Fee_Relief_Windows_3B!$F$48:$F$100,"<="&C48,CBIC_Late_Fee_Relief_Windows_3B!$G$48:$G$100,">="&C48) | H48: =INDEX(CBIC_Late_Fee_Relief_Windows_3B!$I$48:$I$100,MATCH(G48,CBIC_Late_Fee_Relief_Windows_3B!$O$48:$O$100,0)) | I48: =MIN(F48,H48)
A49: =TEST_DATA!A49 | B49: =TEST_DATA!B49 | C49: =TEST_DATA!C49 | D49: =TEST_DATA!D49 | E49: =TEST_DATA!E49 | F49: =MIN(E49*4900,10000) | G49: =MINIFS(CBIC_Late_Fee_Relief_Windows_3B!$O$49:$O$100,CBIC_Late_Fee_Relief_Windows_3B!$D$49:$D$100,"<="&B49,CBIC_Late_Fee_Relief_Windows_3B!$E$49:$E$100,">="&B49,CBIC_Late_Fee_Relief_Windows_3B!$F$49:$F$100,"<="&C49,CBIC_Late_Fee_Relief_Windows_3B!$G$49:$G$100,">="&C49) | H49: =INDEX(CBIC_Late_Fee_Relief_Windows_3B!$I$49:$I$100,MATCH(G49,CBIC_Late_Fee_Relief_Windows_3B!$O$49:$O$100,0)) | I49: =MIN(F49,H49)
A50: =TEST_DATA!A50 | B50: =TEST_DATA!B50 | C50: =TEST_DATA!C50 | D50: =TEST_DATA!D50 | E50: =TEST_DATA!E50 | F50: =MIN(E50*5000,10000) | G50: =MINIFS(CBIC_Late_Fee_Relief_Windows_3B!$O$50:$O$100,CBIC_Late_Fee_Relief_Windows_3B!$D$50:$D$100,"<="&B50,CBIC_Late_Fee_Relief_Windows_3B!$E$50:$E$100,">="&B50,CBIC_Late_Fee_Relief_Windows_3B!$F$50:$F$100,"<="&C50,CBIC_Late_Fee_Relief_Windows_3B!$G$50:$G$100,">="&C50) | H50: =INDEX(CBIC_Late_Fee_Relief_Windows_3B!$I$50:$I$100,MATCH(G50,CBIC_Late_Fee_Relief_Windows_3B!$O$50:$O$100,0)) | I50: =MIN(F50,H50)
A51: =TEST_DATA!A51 | B51: =TEST_DATA!B51 | C51: =TEST_DATA!C51 | D51: =TEST_DATA!D51 | E51: =TEST_DATA!E51 | F51: =MIN(E51*5100,10000) | G51: =MINIFS(CBIC_Late_Fee_Relief_Windows_3B!$O$51:$O$100,CBIC_Late_Fee_Relief_Windows_3B!$D$51:$D$100,"<="&B51,CBIC_Late_Fee_Relief_Windows_3B!$E$51:$E$100,">="&B51,CBIC_Late_Fee_Relief_Windows_3B!$F$51:$F$100,"<="&C51,CBIC_Late_Fee_Relief_Windows_3B!$G$51:$G$100,">="&C51) | H51: =INDEX(CBIC_Late_Fee_Relief_Windows_3B!$I$51:$I$100,MATCH(G51,CBIC_Late_Fee_Relief_Windows_3B!$O$51:$O$100,0)) | I51: =MIN(F51,H51)
A52: =TEST_DATA!A52 | B52: =TEST_DATA!B52 | C52: =TEST_DATA!C52 | D52: =TEST_DATA!D52 | E52: =TEST_DATA!E52 | F52: =MIN(E52*5200,10000) | G52: =MINIFS(CBIC_Late_Fee_Relief_Windows_3B!$O$52:$O$100,CBIC_Late_Fee_Relief_Windows_3B!$D$52:$D$100,"<="&B52,CBIC_Late_Fee_Relief_Windows_3B!$E$52:$E$100,">="&B52,CBIC_Late_Fee_Relief_Windows_3B!$F$52:$F$100,"<="&C52,CBIC_Late_Fee_Relief_Windows_3B!$G$52:$G$100,">="&C52) | H52: =INDEX(CBIC_Late_Fee_Relief_Windows_3B!$I$52:$I$100,MATCH(G52,CBIC_Late_Fee_Relief_Windows_3B!$O$52:$O$100,0)) | I52: =MIN(F52,H52)
A53: =TEST_DATA!A53 | B53: =TEST_DATA!B53 | C53: =TEST_DATA!C53 | D53: =TEST_DATA!D53 | E53: =TEST_DATA!E53 | F53: =MIN(E53*5300,10000) | G53: =MINIFS(CBIC_Late_Fee_Relief_Windows_3B!$O$53:$O$100,CBIC_Late_Fee_Relief_Windows_3B!$D$53:$D$100,"<="&B53,CBIC_Late_Fee_Relief_Windows_3B!$E$53:$E$100,">="&B53,CBIC_Late_Fee_Relief_Windows_3B!$F$53:$F$100,"<="&C53,CBIC_Late_Fee_Relief_Windows_3B!$G$53:$G$100,">="&C53) | H53: =INDEX(CBIC_Late_Fee_Relief_Windows_3B!$I$53:$I$100,MATCH(G53,CBIC_Late_Fee_Relief_Windows_3B!$O$53:$O$100,0)) | I53: =MIN(F53,H53)
A54: =TEST_DATA!A54 | B54: =TEST_DATA!B54 | C54: =TEST_DATA!C54 | D54: =TEST_DATA!D54 | E54: =TEST_DATA!E54 | F54: =MIN(E54*5400,10000) | G54: =MINIFS(CBIC_Late_Fee_Relief_Windows_3B!$O$54:$O$100,CBIC_Late_Fee_Relief_Windows_3B!$D$54:$D$100,"<="&B54,CBIC_Late_Fee_Relief_Windows_3B!$E$54:$E$100,">="&B54,CBIC_Late_Fee_Relief_Windows_3B!$F$54:$F$100,"<="&C54,CBIC_Late_Fee_Relief_Windows_3B!$G$54:$G$100,">="&C54) | H54: =INDEX(CBIC_Late_Fee_Relief_Windows_3B!$I$54:$I$100,MATCH(G54,CBIC_Late_Fee_Relief_Windows_3B!$O$54:$O$100,0)) | I54: =MIN(F54,H54)
A55: =TEST_DATA!A55 | B55: =TEST_DATA!B55 | C55: =TEST_DATA!C55 | D55: =TEST_DATA!D55 | E55: =TEST_DATA!E55 | F55: =MIN(E55*5500,10000) | G55: =MINIFS(CBIC_Late_Fee_Relief_Windows_3B!$O$55:$O$100,CBIC_Late_Fee_Relief_Windows_3B!$D$55:$D$100,"<="&B55,CBIC_Late_Fee_Relief_Windows_3B!$E$55:$E$100,">="&B55,CBIC_Late_Fee_Relief_Windows_3B!$F$55:$F$100,"<="&C55,CBIC_Late_Fee_Relief_Windows_3B!$G$55:$G$100,">="&C55) | H55: =INDEX(CBIC_Late_Fee_Relief_Windows_3B!$I$55:$I$100,MATCH(G55,CBIC_Late_Fee_Relief_Windows_3B!$O$55:$O$100,0)) | I55: =MIN(F55,H55)
A56: =TEST_DATA!A56 | B56: =TEST_DATA!B56 | C56: =TEST_DATA!C56 | D56: =TEST_DATA!D56 | E56: =TEST_DATA!E56 | F56: =MIN(E56*5600,10000) | G56: =MINIFS(CBIC_Late_Fee_Relief_Windows_3B!$O$56:$O$100,CBIC_Late_Fee_Relief_Windows_3B!$D$56:$D$100,"<="&B56,CBIC_Late_Fee_Relief_Windows_3B!$E$56:$E$100,">="&B56,CBIC_Late_Fee_Relief_Windows_3B!$F$56:$F$100,"<="&C56,CBIC_Late_Fee_Relief_Windows_3B!$G$56:$G$100,">="&C56) | H56: =INDEX(CBIC_Late_Fee_Relief_Windows_3B!$I$56:$I$100,MATCH(G56,CBIC_Late_Fee_Relief_Windows_3B!$O$56:$O$100,0)) | I56: =MIN(F56,H56)
A57: =TEST_DATA!A57 | B57: =TEST_DATA!B57 | C57: =TEST_DATA!C57 | D57: =TEST_DATA!D57 | E57: =TEST_DATA!E57 | F57: =MIN(E57*5700,10000) | G57: =MINIFS(CBIC_Late_Fee_Relief_Windows_3B!$O$57:$O$100,CBIC_Late_Fee_Relief_Windows_3B!$D$57:$D$100,"<="&B57,CBIC_Late_Fee_Relief_Windows_3B!$E$57:$E$100,">="&B57,CBIC_Late_Fee_Relief_Windows_3B!$F$57:$F$100,"<="&C57,CBIC_Late_Fee_Relief_Windows_3B!$G$57:$G$100,">="&C57) | H57: =INDEX(CBIC_Late_Fee_Relief_Windows_3B!$I$57:$I$100,MATCH(G57,CBIC_Late_Fee_Relief_Windows_3B!$O$57:$O$100,0)) | I57: =MIN(F57,H57)
A58: =TEST_DATA!A58 | B58: =TEST_DATA!B58 | C58: =TEST_DATA!C58 | D58: =TEST_DATA!D58 | E58: =TEST_DATA!E58 | F58: =MIN(E58*5800,10000) | G58: =MINIFS(CBIC_Late_Fee_Relief_Windows_3B!$O$58:$O$100,CBIC_Late_Fee_Relief_Windows_3B!$D$58:$D$100,"<="&B58,CBIC_Late_Fee_Relief_Windows_3B!$E$58:$E$100,">="&B58,CBIC_Late_Fee_Relief_Windows_3B!$F$58:$F$100,"<="&C58,CBIC_Late_Fee_Relief_Windows_3B!$G$58:$G$100,">="&C58) | H58: =INDEX(CBIC_Late_Fee_Relief_Windows_3B!$I$58:$I$100,MATCH(G58,CBIC_Late_Fee_Relief_Windows_3B!$O$58:$O$100,0)) | I58: =MIN(F58,H58)
A59: =TEST_DATA!A59 | B59: =TEST_DATA!B59 | C59: =TEST_DATA!C59 | D59: =TEST_DATA!D59 | E59: =TEST_DATA!E59 | F59: =MIN(E59*5900,10000) | G59: =MINIFS(CBIC_Late_Fee_Relief_Windows_3B!$O$59:$O$100,CBIC_Late_Fee_Relief_Windows_3B!$D$59:$D$100,"<="&B59,CBIC_Late_Fee_Relief_Windows_3B!$E$59:$E$100,">="&B59,CBIC_Late_Fee_Relief_Windows_3B!$F$59:$F$100,"<="&C59,CBIC_Late_Fee_Relief_Windows_3B!$G$59:$G$100,">="&C59) | H59: =INDEX(CBIC_Late_Fee_Relief_Windows_3B!$I$59:$I$100,MATCH(G59,CBIC_Late_Fee_Relief_Windows_3B!$O$59:$O$100,0)) | I59: =MIN(F59,H59)
A60: =TEST_DATA!A60 | B60: =TEST_DATA!B60 | C60: =TEST_DATA!C60 | D60: =TEST_DATA!D60 | E60: =TEST_DATA!E60 | F60: =MIN(E60*6000,10000) | G60: =MINIFS(CBIC_Late_Fee_Relief_Windows_3B!$O$60:$O$100,CBIC_Late_Fee_Relief_Windows_3B!$D$60:$D$100,"<="&B60,CBIC_Late_Fee_Relief_Windows_3B!$E$60:$E$100,">="&B60,CBIC_Late_Fee_Relief_Windows_3B!$F$60:$F$100,"<="&C60,CBIC_Late_Fee_Relief_Windows_3B!$G$60:$G$100,">="&C60) | H60: =INDEX(CBIC_Late_Fee_Relief_Windows_3B!$I$60:$I$100,MATCH(G60,CBIC_Late_Fee_Relief_Windows_3B!$O$60:$O$100,0)) | I60: =MIN(F60,H60)
A61: =TEST_DATA!A61 | B61: =TEST_DATA!B61 | C61: =TEST_DATA!C61 | D61: =TEST_DATA!D61 | E61: =TEST_DATA!E61 | F61: =MIN(E61*6100,10000) | G61: =MINIFS(CBIC_Late_Fee_Relief_Windows_3B!$O$61:$O$100,CBIC_Late_Fee_Relief_Windows_3B!$D$61:$D$100,"<="&B61,CBIC_Late_Fee_Relief_Windows_3B!$E$61:$E$100,">="&B61,CBIC_Late_Fee_Relief_Windows_3B!$F$61:$F$100,"<="&C61,CBIC_Late_Fee_Relief_Windows_3B!$G$61:$G$100,">="&C61) | H61: =INDEX(CBIC_Late_Fee_Relief_Windows_3B!$I$61:$I$100,MATCH(G61,CBIC_Late_Fee_Relief_Windows_3B!$O$61:$O$100,0)) | I61: =MIN(F61,H61)
A62: =TEST_DATA!A62 | B62: =TEST_DATA!B62 | C62: =TEST_DATA!C62 | D62: =TEST_DATA!D62 | E62: =TEST_DATA!E62 | F62: =MIN(E62*6200,10000) | G62: =MINIFS(CBIC_Late_Fee_Relief_Windows_3B!$O$62:$O$100,CBIC_Late_Fee_Relief_Windows_3B!$D$62:$D$100,"<="&B62,CBIC_Late_Fee_Relief_Windows_3B!$E$62:$E$100,">="&B62,CBIC_Late_Fee_Relief_Windows_3B!$F$62:$F$100,"<="&C62,CBIC_Late_Fee_Relief_Windows_3B!$G$62:$G$100,">="&C62) | H62: =INDEX(CBIC_Late_Fee_Relief_Windows_3B!$I$62:$I$100,MATCH(G62,CBIC_Late_Fee_Relief_Windows_3B!$O$62:$O$100,0)) | I62: =MIN(F62,H62)
A63: =TEST_DATA!A63 | B63: =TEST_DATA!B63 | C63: =TEST_DATA!C63 | D63: =TEST_DATA!D63 | E63: =TEST_DATA!E63 | F63: =MIN(E63*6300,10000) | G63: =MINIFS(CBIC_Late_Fee_Relief_Windows_3B!$O$63:$O$100,CBIC_Late_Fee_Relief_Windows_3B!$D$63:$D$100,"<="&B63,CBIC_Late_Fee_Relief_Windows_3B!$E$63:$E$100,">="&B63,CBIC_Late_Fee_Relief_Windows_3B!$F$63:$F$100,"<="&C63,CBIC_Late_Fee_Relief_Windows_3B!$G$63:$G$100,">="&C63) | H63: =INDEX(CBIC_Late_Fee_Relief_Windows_3B!$I$63:$I$100,MATCH(G63,CBIC_Late_Fee_Relief_Windows_3B!$O$63:$O$100,0)) | I63: =MIN(F63,H63)
A64: =TEST_DATA!A64 | B64: =TEST_DATA!B64 | C64: =TEST_DATA!C64 | D64: =TEST_DATA!D64 | E64: =TEST_DATA!E64 | F64: =MIN(E64*6400,10000) | G64: =MINIFS(CBIC_Late_Fee_Relief_Windows_3B!$O$64:$O$100,CBIC_Late_Fee_Relief_Windows_3B!$D$64:$D$100,"<="&B64,CBIC_Late_Fee_Relief_Windows_3B!$E$64:$E$100,">="&B64,CBIC_Late_Fee_Relief_Windows_3B!$F$64:$F$100,"<="&C64,CBIC_Late_Fee_Relief_Windows_3B!$G$64:$G$100,">="&C64) | H64: =INDEX(CBIC_Late_Fee_Relief_Windows_3B!$I$64:$I$100,MATCH(G64,CBIC_Late_Fee_Relief_Windows_3B!$O$64:$O$100,0)) | I64: =MIN(F64,H64)
A65: =TEST_DATA!A65 | B65: =TEST_DATA!B65 | C65: =TEST_DATA!C65 | D65: =TEST_DATA!D65 | E65: =TEST_DATA!E65 | F65: =MIN(E65*6500,10000) | G65: =MINIFS(CBIC_Late_Fee_Relief_Windows_3B!$O$65:$O$100,CBIC_Late_Fee_Relief_Windows_3B!$D$65:$D$100,"<="&B65,CBIC_Late_Fee_Relief_Windows_3B!$E$65:$E$100,">="&B65,CBIC_Late_Fee_Relief_Windows_3B!$F$65:$F$100,"<="&C65,CBIC_Late_Fee_Relief_Windows_3B!$G$65:$G$100,">="&C65) | H65: =INDEX(CBIC_Late_Fee_Relief_Windows_3B!$I$65:$I$100,MATCH(G65,CBIC_Late_Fee_Relief_Windows_3B!$O$65:$O$100,0)) | I65: =MIN(F65,H65)
A66: =TEST_DATA!A66 | B66: =TEST_DATA!B66 | C66: =TEST_DATA!C66 | D66: =TEST_DATA!D66 | E66: =TEST_DATA!E66 | F66: =MIN(E66*6600,10000) | G66: =MINIFS(CBIC_Late_Fee_Relief_Windows_3B!$O$66:$O$100,CBIC_Late_Fee_Relief_Windows_3B!$D$66:$D$100,"<="&B66,CBIC_Late_Fee_Relief_Windows_3B!$E$66:$E$100,">="&B66,CBIC_Late_Fee_Relief_Windows_3B!$F$66:$F$100,"<="&C66,CBIC_Late_Fee_Relief_Windows_3B!$G$66:$G$100,">="&C66) | H66: =INDEX(CBIC_Late_Fee_Relief_Windows_3B!$I$66:$I$100,MATCH(G66,CBIC_Late_Fee_Relief_Windows_3B!$O$66:$O$100,0)) | I66: =MIN(F66,H66)
A67: =TEST_DATA!A67 | B67: =TEST_DATA!B67 | C67: =TEST_DATA!C67 | D67: =TEST_DATA!D67 | E67: =TEST_DATA!E67 | F67: =MIN(E67*6700,10000) | G67: =MINIFS(CBIC_Late_Fee_Relief_Windows_3B!$O$67:$O$100,CBIC_Late_Fee_Relief_Windows_3B!$D$67:$D$100,"<="&B67,CBIC_Late_Fee_Relief_Windows_3B!$E$67:$E$100,">="&B67,CBIC_Late_Fee_Relief_Windows_3B!$F$67:$F$100,"<="&C67,CBIC_Late_Fee_Relief_Windows_3B!$G$67:$G$100,">="&C67) | H67: =INDEX(CBIC_Late_Fee_Relief_Windows_3B!$I$67:$I$100,MATCH(G67,CBIC_Late_Fee_Relief_Windows_3B!$O$67:$O$100,0)) | I67: =MIN(F67,H67)
A68: =TEST_DATA!A68 | B68: =TEST_DATA!B68 | C68: =TEST_DATA!C68 | D68: =TEST_DATA!D68 | E68: =TEST_DATA!E68 | F68: =MIN(E68*6800,10000) | G68: =MINIFS(CBIC_Late_Fee_Relief_Windows_3B!$O$68:$O$100,CBIC_Late_Fee_Relief_Windows_3B!$D$68:$D$100,"<="&B68,CBIC_Late_Fee_Relief_Windows_3B!$E$68:$E$100,">="&B68,CBIC_Late_Fee_Relief_Windows_3B!$F$68:$F$100,"<="&C68,CBIC_Late_Fee_Relief_Windows_3B!$G$68:$G$100,">="&C68) | H68: =INDEX(CBIC_Late_Fee_Relief_Windows_3B!$I$68:$I$100,MATCH(G68,CBIC_Late_Fee_Relief_Windows_3B!$O$68:$O$100,0)) | I68: =MIN(F68,H68)
A69: =TEST_DATA!A69 | B69: =TEST_DATA!B69 | C69: =TEST_DATA!C69 | D69: =TEST_DATA!D69 | E69: =TEST_DATA!E69 | F69: =MIN(E69*6900,10000) | G69: =MINIFS(CBIC_Late_Fee_Relief_Windows_3B!$O$69:$O$100,CBIC_Late_Fee_Relief_Windows_3B!$D$69:$D$100,"<="&B69,CBIC_Late_Fee_Relief_Windows_3B!$E$69:$E$100,">="&B69,CBIC_Late_Fee_Relief_Windows_3B!$F$69:$F$100,"<="&C69,CBIC_Late_Fee_Relief_Windows_3B!$G$69:$G$100,">="&C69) | H69: =INDEX(CBIC_Late_Fee_Relief_Windows_3B!$I$69:$I$100,MATCH(G69,CBIC_Late_Fee_Relief_Windows_3B!$O$69:$O$100,0)) | I69: =MIN(F69,H69)
A70: =TEST_DATA!A70 | B70: =TEST_DATA!B70 | C70: =TEST_DATA!C70 | D70: =TEST_DATA!D70 | E70: =TEST_DATA!E70 | F70: =MIN(E70*7000,10000) | G70: =MINIFS(CBIC_Late_Fee_Relief_Windows_3B!$O$70:$O$100,CBIC_Late_Fee_Relief_Windows_3B!$D$70:$D$100,"<="&B70,CBIC_Late_Fee_Relief_Windows_3B!$E$70:$E$100,">="&B70,CBIC_Late_Fee_Relief_Windows_3B!$F$70:$F$100,"<="&C70,CBIC_Late_Fee_Relief_Windows_3B!$G$70:$G$100,">="&C70) | H70: =INDEX(CBIC_Late_Fee_Relief_Windows_3B!$I$70:$I$100,MATCH(G70,CBIC_Late_Fee_Relief_Windows_3B!$O$70:$O$100,0)) | I70: =MIN(F70,H70)
A71: =TEST_DATA!A71 | B71: =TEST_DATA!B71 | C71: =TEST_DATA!C71 | D71: =TEST_DATA!D71 | E71: =TEST_DATA!E71 | F71: =MIN(E71*7100,10000) | G71: =MINIFS(CBIC_Late_Fee_Relief_Windows_3B!$O$71:$O$100,CBIC_Late_Fee_Relief_Windows_3B!$D$71:$D$100,"<="&B71,CBIC_Late_Fee_Relief_Windows_3B!$E$71:$E$100,">="&B71,CBIC_Late_Fee_Relief_Windows_3B!$F$71:$F$100,"<="&C71,CBIC_Late_Fee_Relief_Windows_3B!$G$71:$G$100,">="&C71) | H71: =INDEX(CBIC_Late_Fee_Relief_Windows_3B!$I$71:$I$100,MATCH(G71,CBIC_Late_Fee_Relief_Windows_3B!$O$71:$O$100,0)) | I71: =MIN(F71,H71)
A72: =TEST_DATA!A72 | B72: =TEST_DATA!B72 | C72: =TEST_DATA!C72 | D72: =TEST_DATA!D72 | E72: =TEST_DATA!E72 | F72: =MIN(E72*7200,10000) | G72: =MINIFS(CBIC_Late_Fee_Relief_Windows_3B!$O$72:$O$100,CBIC_Late_Fee_Relief_Windows_3B!$D$72:$D$100,"<="&B72,CBIC_Late_Fee_Relief_Windows_3B!$E$72:$E$100,">="&B72,CBIC_Late_Fee_Relief_Windows_3B!$F$72:$F$100,"<="&C72,CBIC_Late_Fee_Relief_Windows_3B!$G$72:$G$100,">="&C72) | H72: =INDEX(CBIC_Late_Fee_Relief_Windows_3B!$I$72:$I$100,MATCH(G72,CBIC_Late_Fee_Relief_Windows_3B!$O$72:$O$100,0)) | I72: =MIN(F72,H72)
A73: =TEST_DATA!A73 | B73: =TEST_DATA!B73 | C73: =TEST_DATA!C73 | D73: =TEST_DATA!D73 | E73: =TEST_DATA!E73 | F73: =MIN(E73*7300,10000) | G73: =MINIFS(CBIC_Late_Fee_Relief_Windows_3B!$O$73:$O$100,CBIC_Late_Fee_Relief_Windows_3B!$D$73:$D$100,"<="&B73,CBIC_Late_Fee_Relief_Windows_3B!$E$73:$E$100,">="&B73,CBIC_Late_Fee_Relief_Windows_3B!$F$73:$F$100,"<="&C73,CBIC_Late_Fee_Relief_Windows_3B!$G$73:$G$100,">="&C73) | H73: =INDEX(CBIC_Late_Fee_Relief_Windows_3B!$I$73:$I$100,MATCH(G73,CBIC_Late_Fee_Relief_Windows_3B!$O$73:$O$100,0)) | I73: =MIN(F73,H73)
A74: =TEST_DATA!A74 | B74: =TEST_DATA!B74 | C74: =TEST_DATA!C74 | D74: =TEST_DATA!D74 | E74: =TEST_DATA!E74 | F74: =MIN(E74*7400,10000) | G74: =MINIFS(CBIC_Late_Fee_Relief_Windows_3B!$O$74:$O$100,CBIC_Late_Fee_Relief_Windows_3B!$D$74:$D$100,"<="&B74,CBIC_Late_Fee_Relief_Windows_3B!$E$74:$E$100,">="&B74,CBIC_Late_Fee_Relief_Windows_3B!$F$74:$F$100,"<="&C74,CBIC_Late_Fee_Relief_Windows_3B!$G$74:$G$100,">="&C74) | H74: =INDEX(CBIC_Late_Fee_Relief_Windows_3B!$I$74:$I$100,MATCH(G74,CBIC_Late_Fee_Relief_Windows_3B!$O$74:$O$100,0)) | I74: =MIN(F74,H74)
A75: =TEST_DATA!A75 | B75: =TEST_DATA!B75 | C75: =TEST_DATA!C75 | D75: =TEST_DATA!D75 | E75: =TEST_DATA!E75 | F75: =MIN(E75*7500,10000) | G75: =MINIFS(CBIC_Late_Fee_Relief_Windows_3B!$O$75:$O$100,CBIC_Late_Fee_Relief_Windows_3B!$D$75:$D$100,"<="&B75,CBIC_Late_Fee_Relief_Windows_3B!$E$75:$E$100,">="&B75,CBIC_Late_Fee_Relief_Windows_3B!$F$75:$F$100,"<="&C75,CBIC_Late_Fee_Relief_Windows_3B!$G$75:$G$100,">="&C75) | H75: =INDEX(CBIC_Late_Fee_Relief_Windows_3B!$I$75:$I$100,MATCH(G75,CBIC_Late_Fee_Relief_Windows_3B!$O$75:$O$100,0)) | I75: =MIN(F75,H75)
A76: =TEST_DATA!A76 | B76: =TEST_DATA!B76 | C76: =TEST_DATA!C76 | D76: =TEST_DATA!D76 | E76: =TEST_DATA!E76 | F76: =MIN(E76*7600,10000) | G76: =MINIFS(CBIC_Late_Fee_Relief_Windows_3B!$O$76:$O$100,CBIC_Late_Fee_Relief_Windows_3B!$D$76:$D$100,"<="&B76,CBIC_Late_Fee_Relief_Windows_3B!$E$76:$E$100,">="&B76,CBIC_Late_Fee_Relief_Windows_3B!$F$76:$F$100,"<="&C76,CBIC_Late_Fee_Relief_Windows_3B!$G$76:$G$100,">="&C76) | H76: =INDEX(CBIC_Late_Fee_Relief_Windows_3B!$I$76:$I$100,MATCH(G76,CBIC_Late_Fee_Relief_Windows_3B!$O$76:$O$100,0)) | I76: =MIN(F76,H76)
A77: =TEST_DATA!A77 | B77: =TEST_DATA!B77 | C77: =TEST_DATA!C77 | D77: =TEST_DATA!D77 | E77: =TEST_DATA!E77 | F77: =MIN(E77*7700,10000) | G77: =MINIFS(CBIC_Late_Fee_Relief_Windows_3B!$O$77:$O$100,CBIC_Late_Fee_Relief_Windows_3B!$D$77:$D$100,"<="&B77,CBIC_Late_Fee_Relief_Windows_3B!$E$77:$E$100,">="&B77,CBIC_Late_Fee_Relief_Windows_3B!$F$77:$F$100,"<="&C77,CBIC_Late_Fee_Relief_Windows_3B!$G$77:$G$100,">="&C77) | H77: =INDEX(CBIC_Late_Fee_Relief_Windows_3B!$I$77:$I$100,MATCH(G77,CBIC_Late_Fee_Relief_Windows_3B!$O$77:$O$100,0)) | I77: =MIN(F77,H77)
A78: =TEST_DATA!A78 | B78: =TEST_DATA!B78 | C78: =TEST_DATA!C78 | D78: =TEST_DATA!D78 | E78: =TEST_DATA!E78 | F78: =MIN(E78*7800,10000) | G78: =MINIFS(CBIC_Late_Fee_Relief_Windows_3B!$O$78:$O$100,CBIC_Late_Fee_Relief_Windows_3B!$D$78:$D$100,"<="&B78,CBIC_Late_Fee_Relief_Windows_3B!$E$78:$E$100,">="&B78,CBIC_Late_Fee_Relief_Windows_3B!$F$78:$F$100,"<="&C78,CBIC_Late_Fee_Relief_Windows_3B!$G$78:$G$100,">="&C78) | H78: =INDEX(CBIC_Late_Fee_Relief_Windows_3B!$I$78:$I$100,MATCH(G78,CBIC_Late_Fee_Relief_Windows_3B!$O$78:$O$100,0)) | I78: =MIN(F78,H78)
A79: =TEST_DATA!A79 | B79: =TEST_DATA!B79 | C79: =TEST_DATA!C79 | D79: =TEST_DATA!D79 | E79: =TEST_DATA!E79 | F79: =MIN(E79*7900,10000) | G79: =MINIFS(CBIC_Late_Fee_Relief_Windows_3B!$O$79:$O$100,CBIC_Late_Fee_Relief_Windows_3B!$D$79:$D$100,"<="&B79,CBIC_Late_Fee_Relief_Windows_3B!$E$79:$E$100,">="&B79,CBIC_Late_Fee_Relief_Windows_3B!$F$79:$F$100,"<="&C79,CBIC_Late_Fee_Relief_Windows_3B!$G$79:$G$100,">="&C79) | H79: =INDEX(CBIC_Late_Fee_Relief_Windows_3B!$I$79:$I$100,MATCH(G79,CBIC_Late_Fee_Relief_Windows_3B!$O$79:$O$100,0)) | I79: =MIN(F79,H79)
A80: =TEST_DATA!A80 | B80: =TEST_DATA!B80 | C80: =TEST_DATA!C80 | D80: =TEST_DATA!D80 | E80: =TEST_DATA!E80 | F80: =MIN(E80*8000,10000) | G80: =MINIFS(CBIC_Late_Fee_Relief_Windows_3B!$O$80:$O$100,CBIC_Late_Fee_Relief_Windows_3B!$D$80:$D$100,"<="&B80,CBIC_Late_Fee_Relief_Windows_3B!$E$80:$E$100,">="&B80,CBIC_Late_Fee_Relief_Windows_3B!$F$80:$F$100,"<="&C80,CBIC_Late_Fee_Relief_Windows_3B!$G$80:$G$100,">="&C80) | H80: =INDEX(CBIC_Late_Fee_Relief_Windows_3B!$I$80:$I$100,MATCH(G80,CBIC_Late_Fee_Relief_Windows_3B!$O$80:$O$100,0)) | I80: =MIN(F80,H80)
A81: =TEST_DATA!A81 | B81: =TEST_DATA!B81 | C81: =TEST_DATA!C81 | D81: =TEST_DATA!D81 | E81: =TEST_DATA!E81 | F81: =MIN(E81*8100,10000) | G81: =MINIFS(CBIC_Late_Fee_Relief_Windows_3B!$O$81:$O$100,CBIC_Late_Fee_Relief_Windows_3B!$D$81:$D$100,"<="&B81,CBIC_Late_Fee_Relief_Windows_3B!$E$81:$E$100,">="&B81,CBIC_Late_Fee_Relief_Windows_3B!$F$81:$F$100,"<="&C81,CBIC_Late_Fee_Relief_Windows_3B!$G$81:$G$100,">="&C81) | H81: =INDEX(CBIC_Late_Fee_Relief_Windows_3B!$I$81:$I$100,MATCH(G81,CBIC_Late_Fee_Relief_Windows_3B!$O$81:$O$100,0)) | I81: =MIN(F81,H81)
A82: =TEST_DATA!A82 | B82: =TEST_DATA!B82 | C82: =TEST_DATA!C82 | D82: =TEST_DATA!D82 | E82: =TEST_DATA!E82 | F82: =MIN(E82*8200,10000) | G82: =MINIFS(CBIC_Late_Fee_Relief_Windows_3B!$O$82:$O$100,CBIC_Late_Fee_Relief_Windows_3B!$D$82:$D$100,"<="&B82,CBIC_Late_Fee_Relief_Windows_3B!$E$82:$E$100,">="&B82,CBIC_Late_Fee_Relief_Windows_3B!$F$82:$F$100,"<="&C82,CBIC_Late_Fee_Relief_Windows_3B!$G$82:$G$100,">="&C82) | H82: =INDEX(CBIC_Late_Fee_Relief_Windows_3B!$I$82:$I$100,MATCH(G82,CBIC_Late_Fee_Relief_Windows_3B!$O$82:$O$100,0)) | I82: =MIN(F82,H82)
A83: =TEST_DATA!A83 | B83: =TEST_DATA!B83 | C83: =TEST_DATA!C83 | D83: =TEST_DATA!D83 | E83: =TEST_DATA!E83 | F83: =MIN(E83*8300,10000) | G83: =MINIFS(CBIC_Late_Fee_Relief_Windows_3B!$O$83:$O$100,CBIC_Late_Fee_Relief_Windows_3B!$D$83:$D$100,"<="&B83,CBIC_Late_Fee_Relief_Windows_3B!$E$83:$E$100,">="&B83,CBIC_Late_Fee_Relief_Windows_3B!$F$83:$F$100,"<="&C83,CBIC_Late_Fee_Relief_Windows_3B!$G$83:$G$100,">="&C83) | H83: =INDEX(CBIC_Late_Fee_Relief_Windows_3B!$I$83:$I$100,MATCH(G83,CBIC_Late_Fee_Relief_Windows_3B!$O$83:$O$100,0)) | I83: =MIN(F83,H83)
A84: =TEST_DATA!A84 | B84: =TEST_DATA!B84 | C84: =TEST_DATA!C84 | D84: =TEST_DATA!D84 | E84: =TEST_DATA!E84 | F84: =MIN(E84*8400,10000) | G84: =MINIFS(CBIC_Late_Fee_Relief_Windows_3B!$O$84:$O$100,CBIC_Late_Fee_Relief_Windows_3B!$D$84:$D$100,"<="&B84,CBIC_Late_Fee_Relief_Windows_3B!$E$84:$E$100,">="&B84,CBIC_Late_Fee_Relief_Windows_3B!$F$84:$F$100,"<="&C84,CBIC_Late_Fee_Relief_Windows_3B!$G$84:$G$100,">="&C84) | H84: =INDEX(CBIC_Late_Fee_Relief_Windows_3B!$I$84:$I$100,MATCH(G84,CBIC_Late_Fee_Relief_Windows_3B!$O$84:$O$100,0)) | I84: =MIN(F84,H84)
A85: =TEST_DATA!A85 | B85: =TEST_DATA!B85 | C85: =TEST_DATA!C85 | D85: =TEST_DATA!D85 | E85: =TEST_DATA!E85 | F85: =MIN(E85*8500,10000) | G85: =MINIFS(CBIC_Late_Fee_Relief_Windows_3B!$O$85:$O$100,CBIC_Late_Fee_Relief_Windows_3B!$D$85:$D$100,"<="&B85,CBIC_Late_Fee_Relief_Windows_3B!$E$85:$E$100,">="&B85,CBIC_Late_Fee_Relief_Windows_3B!$F$85:$F$100,"<="&C85,CBIC_Late_Fee_Relief_Windows_3B!$G$85:$G$100,">="&C85) | H85: =INDEX(CBIC_Late_Fee_Relief_Windows_3B!$I$85:$I$100,MATCH(G85,CBIC_Late_Fee_Relief_Windows_3B!$O$85:$O$100,0)) | I85: =MIN(F85,H85)
A86: =TEST_DATA!A86 | B86: =TEST_DATA!B86 | C86: =TEST_DATA!C86 | D86: =TEST_DATA!D86 | E86: =TEST_DATA!E86 | F86: =MIN(E86*8600,10000) | G86: =MINIFS(CBIC_Late_Fee_Relief_Windows_3B!$O$86:$O$100,CBIC_Late_Fee_Relief_Windows_3B!$D$86:$D$100,"<="&B86,CBIC_Late_Fee_Relief_Windows_3B!$E$86:$E$100,">="&B86,CBIC_Late_Fee_Relief_Windows_3B!$F$86:$F$100,"<="&C86,CBIC_Late_Fee_Relief_Windows_3B!$G$86:$G$100,">="&C86) | H86: =INDEX(CBIC_Late_Fee_Relief_Windows_3B!$I$86:$I$100,MATCH(G86,CBIC_Late_Fee_Relief_Windows_3B!$O$86:$O$100,0)) | I86: =MIN(F86,H86)
A87: =TEST_DATA!A87 | B87: =TEST_DATA!B87 | C87: =TEST_DATA!C87 | D87: =TEST_DATA!D87 | E87: =TEST_DATA!E87 | F87: =MIN(E87*8700,10000) | G87: =MINIFS(CBIC_Late_Fee_Relief_Windows_3B!$O$87:$O$100,CBIC_Late_Fee_Relief_Windows_3B!$D$87:$D$100,"<="&B87,CBIC_Late_Fee_Relief_Windows_3B!$E$87:$E$100,">="&B87,CBIC_Late_Fee_Relief_Windows_3B!$F$87:$F$100,"<="&C87,CBIC_Late_Fee_Relief_Windows_3B!$G$87:$G$100,">="&C87) | H87: =INDEX(CBIC_Late_Fee_Relief_Windows_3B!$I$87:$I$100,MATCH(G87,CBIC_Late_Fee_Relief_Windows_3B!$O$87:$O$100,0)) | I87: =MIN(F87,H87)
A88: =TEST_DATA!A88 | B88: =TEST_DATA!B88 | C88: =TEST_DATA!C88 | D88: =TEST_DATA!D88 | E88: =TEST_DATA!E88 | F88: =MIN(E88*8800,10000) | G88: =MINIFS(CBIC_Late_Fee_Relief_Windows_3B!$O$88:$O$100,CBIC_Late_Fee_Relief_Windows_3B!$D$88:$D$100,"<="&B88,CBIC_Late_Fee_Relief_Windows_3B!$E$88:$E$100,">="&B88,CBIC_Late_Fee_Relief_Windows_3B!$F$88:$F$100,"<="&C88,CBIC_Late_Fee_Relief_Windows_3B!$G$88:$G$100,">="&C88) | H88: =INDEX(CBIC_Late_Fee_Relief_Windows_3B!$I$88:$I$100,MATCH(G88,CBIC_Late_Fee_Relief_Windows_3B!$O$88:$O$100,0)) | I88: =MIN(F88,H88)
A89: =TEST_DATA!A89 | B89: =TEST_DATA!B89 | C89: =TEST_DATA!C89 | D89: =TEST_DATA!D89 | E89: =TEST_DATA!E89 | F89: =MIN(E89*8900,10000) | G89: =MINIFS(CBIC_Late_Fee_Relief_Windows_3B!$O$89:$O$100,CBIC_Late_Fee_Relief_Windows_3B!$D$89:$D$100,"<="&B89,CBIC_Late_Fee_Relief_Windows_3B!$E$89:$E$100,">="&B89,CBIC_Late_Fee_Relief_Windows_3B!$F$89:$F$100,"<="&C89,CBIC_Late_Fee_Relief_Windows_3B!$G$89:$G$100,">="&C89) | H89: =INDEX(CBIC_Late_Fee_Relief_Windows_3B!$I$89:$I$100,MATCH(G89,CBIC_Late_Fee_Relief_Windows_3B!$O$89:$O$100,0)) | I89: =MIN(F89,H89)
A90: =TEST_DATA!A90 | B90: =TEST_DATA!B90 | C90: =TEST_DATA!C90 | D90: =TEST_DATA!D90 | E90: =TEST_DATA!E90 | F90: =MIN(E90*9000,10000) | G90: =MINIFS(CBIC_Late_Fee_Relief_Windows_3B!$O$90:$O$100,CBIC_Late_Fee_Relief_Windows_3B!$D$90:$D$100,"<="&B90,CBIC_Late_Fee_Relief_Windows_3B!$E$90:$E$100,">="&B90,CBIC_Late_Fee_Relief_Windows_3B!$F$90:$F$100,"<="&C90,CBIC_Late_Fee_Relief_Windows_3B!$G$90:$G$100,">="&C90) | H90: =INDEX(CBIC_Late_Fee_Relief_Windows_3B!$I$90:$I$100,MATCH(G90,CBIC_Late_Fee_Relief_Windows_3B!$O$90:$O$100,0)) | I90: =MIN(F90,H90)
A91: =TEST_DATA!A91 | B91: =TEST_DATA!B91 | C91: =TEST_DATA!C91 | D91: =TEST_DATA!D91 | E91: =TEST_DATA!E91 | F91: =MIN(E91*9100,10000) | G91: =MINIFS(CBIC_Late_Fee_Relief_Windows_3B!$O$91:$O$100,CBIC_Late_Fee_Relief_Windows_3B!$D$91:$D$100,"<="&B91,CBIC_Late_Fee_Relief_Windows_3B!$E$91:$E$100,">="&B91,CBIC_Late_Fee_Relief_Windows_3B!$F$91:$F$100,"<="&C91,CBIC_Late_Fee_Relief_Windows_3B!$G$91:$G$100,">="&C91) | H91: =INDEX(CBIC_Late_Fee_Relief_Windows_3B!$I$91:$I$100,MATCH(G91,CBIC_Late_Fee_Relief_Windows_3B!$O$91:$O$100,0)) | I91: =MIN(F91,H91)
A92: =TEST_DATA!A92 | B92: =TEST_DATA!B92 | C92: =TEST_DATA!C92 | D92: =TEST_DATA!D92 | E92: =TEST_DATA!E92 | F92: =MIN(E92*9200,10000) | G92: =MINIFS(CBIC_Late_Fee_Relief_Windows_3B!$O$92:$O$100,CBIC_Late_Fee_Relief_Windows_3B!$D$92:$D$100,"<="&B92,CBIC_Late_Fee_Relief_Windows_3B!$E$92:$E$100,">="&B92,CBIC_Late_Fee_Relief_Windows_3B!$F$92:$F$100,"<="&C92,CBIC_Late_Fee_Relief_Windows_3B!$G$92:$G$100,">="&C92) | H92: =INDEX(CBIC_Late_Fee_Relief_Windows_3B!$I$92:$I$100,MATCH(G92,CBIC_Late_Fee_Relief_Windows_3B!$O$92:$O$100,0)) | I92: =MIN(F92,H92)
A93: =TEST_DATA!A93 | B93: =TEST_DATA!B93 | C93: =TEST_DATA!C93 | D93: =TEST_DATA!D93 | E93: =TEST_DATA!E93 | F93: =MIN(E93*9300,10000) | G93: =MINIFS(CBIC_Late_Fee_Relief_Windows_3B!$O$93:$O$100,CBIC_Late_Fee_Relief_Windows_3B!$D$93:$D$100,"<="&B93,CBIC_Late_Fee_Relief_Windows_3B!$E$93:$E$100,">="&B93,CBIC_Late_Fee_Relief_Windows_3B!$F$93:$F$100,"<="&C93,CBIC_Late_Fee_Relief_Windows_3B!$G$93:$G$100,">="&C93) | H93: =INDEX(CBIC_Late_Fee_Relief_Windows_3B!$I$93:$I$100,MATCH(G93,CBIC_Late_Fee_Relief_Windows_3B!$O$93:$O$100,0)) | I93: =MIN(F93,H93)
A94: =TEST_DATA!A94 | B94: =TEST_DATA!B94 | C94: =TEST_DATA!C94 | D94: =TEST_DATA!D94 | E94: =TEST_DATA!E94 | F94: =MIN(E94*9400,10000) | G94: =MINIFS(CBIC_Late_Fee_Relief_Windows_3B!$O$94:$O$100,CBIC_Late_Fee_Relief_Windows_3B!$D$94:$D$100,"<="&B94,CBIC_Late_Fee_Relief_Windows_3B!$E$94:$E$100,">="&B94,CBIC_Late_Fee_Relief_Windows_3B!$F$94:$F$100,"<="&C94,CBIC_Late_Fee_Relief_Windows_3B!$G$94:$G$100,">="&C94) | H94: =INDEX(CBIC_Late_Fee_Relief_Windows_3B!$I$94:$I$100,MATCH(G94,CBIC_Late_Fee_Relief_Windows_3B!$O$94:$O$100,0)) | I94: =MIN(F94,H94)
A95: =TEST_DATA!A95 | B95: =TEST_DATA!B95 | C95: =TEST_DATA!C95 | D95: =TEST_DATA!D95 | E95: =TEST_DATA!E95 | F95: =MIN(E95*9500,10000) | G95: =MINIFS(CBIC_Late_Fee_Relief_Windows_3B!$O$95:$O$100,CBIC_Late_Fee_Relief_Windows_3B!$D$95:$D$100,"<="&B95,CBIC_Late_Fee_Relief_Windows_3B!$E$95:$E$100,">="&B95,CBIC_Late_Fee_Relief_Windows_3B!$F$95:$F$100,"<="&C95,CBIC_Late_Fee_Relief_Windows_3B!$G$95:$G$100,">="&C95) | H95: =INDEX(CBIC_Late_Fee_Relief_Windows_3B!$I$95:$I$100,MATCH(G95,CBIC_Late_Fee_Relief_Windows_3B!$O$95:$O$100,0)) | I95: =MIN(F95,H95)
A96: =TEST_DATA!A96 | B96: =TEST_DATA!B96 | C96: =TEST_DATA!C96 | D96: =TEST_DATA!D96 | E96: =TEST_DATA!E96 | F96: =MIN(E96*9600,10000) | G96: =MINIFS(CBIC_Late_Fee_Relief_Windows_3B!$O$96:$O$100,CBIC_Late_Fee_Relief_Windows_3B!$D$96:$D$100,"<="&B96,CBIC_Late_Fee_Relief_Windows_3B!$E$96:$E$100,">="&B96,CBIC_Late_Fee_Relief_Windows_3B!$F$96:$F$100,"<="&C96,CBIC_Late_Fee_Relief_Windows_3B!$G$96:$G$100,">="&C96) | H96: =INDEX(CBIC_Late_Fee_Relief_Windows_3B!$I$96:$I$100,MATCH(G96,CBIC_Late_Fee_Relief_Windows_3B!$O$96:$O$100,0)) | I96: =MIN(F96,H96)
A97: =TEST_DATA!A97 | B97: =TEST_DATA!B97 | C97: =TEST_DATA!C97 | D97: =TEST_DATA!D97 | E97: =TEST_DATA!E97 | F97: =MIN(E97*9700,10000) | G97: =MINIFS(CBIC_Late_Fee_Relief_Windows_3B!$O$97:$O$100,CBIC_Late_Fee_Relief_Windows_3B!$D$97:$D$100,"<="&B97,CBIC_Late_Fee_Relief_Windows_3B!$E$97:$E$100,">="&B97,CBIC_Late_Fee_Relief_Windows_3B!$F$97:$F$100,"<="&C97,CBIC_Late_Fee_Relief_Windows_3B!$G$97:$G$100,">="&C97) | H97: =INDEX(CBIC_Late_Fee_Relief_Windows_3B!$I$97:$I$100,MATCH(G97,CBIC_Late_Fee_Relief_Windows_3B!$O$97:$O$100,0)) | I97: =MIN(F97,H97)
A98: =TEST_DATA!A98 | B98: =TEST_DATA!B98 | C98: =TEST_DATA!C98 | D98: =TEST_DATA!D98 | E98: =TEST_DATA!E98 | F98: =MIN(E98*9800,10000) | G98: =MINIFS(CBIC_Late_Fee_Relief_Windows_3B!$O$98:$O$100,CBIC_Late_Fee_Relief_Windows_3B!$D$98:$D$100,"<="&B98,CBIC_Late_Fee_Relief_Windows_3B!$E$98:$E$100,">="&B98,CBIC_Late_Fee_Relief_Windows_3B!$F$98:$F$100,"<="&C98,CBIC_Late_Fee_Relief_Windows_3B!$G$98:$G$100,">="&C98) | H98: =INDEX(CBIC_Late_Fee_Relief_Windows_3B!$I$98:$I$100,MATCH(G98,CBIC_Late_Fee_Relief_Windows_3B!$O$98:$O$100,0)) | I98: =MIN(F98,H98)
A99: =TEST_DATA!A99 | B99: =TEST_DATA!B99 | C99: =TEST_DATA!C99 | D99: =TEST_DATA!D99 | E99: =TEST_DATA!E99 | F99: =MIN(E99*9900,10000) | G99: =MINIFS(CBIC_Late_Fee_Relief_Windows_3B!$O$99:$O$100,CBIC_Late_Fee_Relief_Windows_3B!$D$99:$D$100,"<="&B99,CBIC_Late_Fee_Relief_Windows_3B!$E$99:$E$100,">="&B99,CBIC_Late_Fee_Relief_Windows_3B!$F$99:$F$100,"<="&C99,CBIC_Late_Fee_Relief_Windows_3B!$G$99:$G$100,">="&C99) | H99: =INDEX(CBIC_Late_Fee_Relief_Windows_3B!$I$99:$I$100,MATCH(G99,CBIC_Late_Fee_Relief_Windows_3B!$O$99:$O$100,0)) | I99: =MIN(F99,H99)
A100: =TEST_DATA!A100 | B100: =TEST_DATA!B100 | C100: =TEST_DATA!C100 | D100: =TEST_DATA!D100 | E100: =TEST_DATA!E100 | F100: =MIN(E100*10000,10000) | G100: =MINIFS(CBIC_Late_Fee_Relief_Windows_3B!$O$100:$O$100,CBIC_Late_Fee_Relief_Windows_3B!$D$100:$D$100,"<="&B100,CBIC_Late_Fee_Relief_Windows_3B!$E$100:$E$100,">="&B100,CBIC_Late_Fee_Relief_Windows_3B!$F$100:$F$100,"<="&C100,CBIC_Late_Fee_Relief_Windows_3B!$G$100:$G$100,">="&C100) | H100: =INDEX(CBIC_Late_Fee_Relief_Windows_3B!$I$100:$I$100,MATCH(G100,CBIC_Late_Fee_Relief_Windows_3B!$O$100:$O$100,0)) | I100: =MIN(F100,H100)
...

Sheet TEST_DATA
A1: GSTIN | B1: Tax Period | C1: Filing Date | D1: Return Type | E1: Delay Days
A2: 27BBBBB00002Z5 | B2: Dec-2018 | C2: 43934 | D2: NON-NIL | E2: 105
A3: 27BBBBB00003Z5 | B3: Nov-2018 | C3: 44289 | D3: NIL | E3: 1462
A4: 27BBBBB00004Z5 | B4: May-2020 | C4: 44772 | D4: NIL | E4: 276
A5: 27BBBBB00005Z5 | B5: Mar-2023 | C5: 45504 | D5: NON-NIL | E5: 2589
A6: 27BBBBB00006Z5 | B6: Apr-2018 | C6: 43488 | D6: NIL | E6: 247
A7: 27BBBBB00007Z5 | B7: Nov-2017 | C7: 44418 | D7: NON-NIL | E7: 1066
A8: 27BBBBB00008Z5 | B8: Mar-2021 | C8: 45550 | D8: NON-NIL | E8: 696
A9: 27BBBBB00009Z5 | B9: Mar-2018 | C9: 43545 | D9: NIL | E9: 1808
A10: 27BBBBB00010Z5 | B10: Apr-2020 | C10: 44250 | D10: NON-NIL | E10: 1596
A11: 27BBBBB00011Z5 | B11: Aug-2018 | C11: 43023 | D11: NON-NIL | E11: 1267
A12: 27BBBBB00012Z5 | B12: Dec-2018 | C12: 44464 | D12: NON-NIL | E12: 1878
A13: 27BBBBB00013Z5 | B13: Oct-2017 | C13: 43161 | D13: NIL | E13: 1667
... A20001: 27BBBBB20001Z5 | B20001: Mar-2021 | C20001: 44478 | D20001: NIL | E20001: 2218

Sheet ASSERTIONS
A1: Assertion | B1: Formula | C1: Result
A2: Final LF <= 10000 | B2: =COUNTIF(Late_Fee_Calculator_3B!I2:I20001,">10000") | C2: =IF(B2=0,"PASS","FAIL")
A3: No blank Final LF | B3: =COUNTBLANK(Late_Fee_Calculator_3B!I2:I20001) | C3: =IF(B3=0,"PASS","FAIL")
A4: Final LF <= Normal LF | B4: =COUNTIF(Late_Fee_Calculator_3B!I2:I20001,">"&Late_Fee_Calculator_3B!F2:F20001) | C4: =IF(B4=0,"PASS","FAIL")
